
> react-kavia@0.1.0 start
> cross-env EDIT_MODE=true webpack serve --config .ve/webpack.config.js --mode development

<i> [webpack-dev-server] Project is running at:
<i> [webpack-dev-server] Loopback: http://localhost:3000/, http://[::1]:3000/
<i> [webpack-dev-server] On Your Network (IPv4): http://172.17.0.2:3000/
<i> [webpack-dev-server] Content not from webpack is served from './public' directory
Injecting EditorRootWrapper import: ../.ve/EditorRootWrapper
asset bundle.js 1.39 MiB [emitted] (name: main)
asset index.html 1.98 KiB [emitted]
runtime modules 27.5 KiB 14 modules
modules by path ./node_modules/ 1.24 MiB 31 modules
modules by path ./src/ 10.3 KiB
  modules by path ./src/*.css 7.49 KiB 4 modules
  modules by path ./src/*.js 2.79 KiB
    ./src/index.js 530 bytes [built] [code generated]
    ./src/App.js 2.27 KiB [built] [code generated]
modules by path ./.ve/ 15.1 KiB
  modules by path ./.ve/*.js 10.6 KiB 2 modules
  modules by path ./.ve/*.css 2.93 KiB
    ./.ve/EditorOverlay.css 2.25 KiB [built] [code generated]
    ./node_modules/css-loader/dist/cjs.js!./.ve/EditorOverlay.css 697 bytes [built] [code generated]
  ./.ve/EditorOverlay.jsx 1.58 KiB [built] [code generated]
webpack 5.99.9 compiled successfully in 1239 ms
assets by status 1.98 KiB [cached] 1 asset
assets by path *.js 1.4 MiB
  asset bundle.js 1.39 MiB [emitted] (name: main)
  asset main.073779d861b35eb36bd4.hot-update.js 6.85 KiB [emitted] [immutable] [hmr] (name: main)
asset main.073779d861b35eb36bd4.hot-update.json 42 bytes [emitted] [immutable] [hmr]
Entrypoint main 1.4 MiB = bundle.js 1.39 MiB main.073779d861b35eb36bd4.hot-update.js 6.85 KiB
cached modules 1.26 MiB [cached] 40 modules
runtime modules 27.5 KiB 14 modules
javascript modules 2.8 KiB
  ./src/index.js 530 bytes [code generated]
  ./src/App.jsx 2.28 KiB [built] [code generated]
webpack 5.99.9 compiled successfully in 117 ms
assets by status 1.98 KiB [cached] 1 asset
assets by path *.js 1.38 MiB
  asset bundle.js 1.38 MiB [emitted] (name: main)
  asset main.006ce8c57f5cb96c8374.hot-update.js 3.08 KiB [emitted] [immutable] [hmr] (name: main)
asset main.006ce8c57f5cb96c8374.hot-update.json 97 bytes [emitted] [immutable] [hmr]
Entrypoint main 1.38 MiB = bundle.js 1.38 MiB main.006ce8c57f5cb96c8374.hot-update.js 3.08 KiB
cached modules 1.26 MiB [cached] 38 modules
runtime modules 27.5 KiB 14 modules
javascript modules 531 bytes
  ./src/index.js 530 bytes [code generated]
  ./src/App.jsx 1 bytes [built] [code generated]
webpack 5.99.9 compiled successfully in 33 ms
assets by status 1.98 KiB [cached] 1 asset
assets by path *.js 1.53 MiB
  asset bundle.js 1.45 MiB [emitted] (name: main)
  asset main.e68de36cd6d97dc67692.hot-update.js 78.8 KiB [emitted] [immutable] [hmr] (name: main)
asset main.e68de36cd6d97dc67692.hot-update.json 28 bytes [emitted] [immutable] [hmr]
Entrypoint main 1.53 MiB = bundle.js 1.45 MiB main.e68de36cd6d97dc67692.hot-update.js 78.8 KiB
cached modules 1.26 MiB [cached] 38 modules
runtime modules 27.5 KiB 14 modules
javascript modules 46.1 KiB
  modules by path ./src/pages/*.jsx 39.5 KiB
    ./src/pages/HomePage.jsx 3.2 KiB [built] [code generated]
    ./src/pages/SignupCitizenPage.jsx 1.93 KiB [built] [code generated]
    ./src/pages/LoginCitizenPage.jsx 3.1 KiB [built] [code generated]
    ./src/pages/SignupAuthorityPage.jsx 2.04 KiB [built] [code generated]
    + 4 modules
  modules by path ./src/components/*.jsx 2.03 KiB
    ./src/components/ProtectedRoute.jsx 1.25 KiB [built] [code generated]
    ./src/components/Navbar.jsx 794 bytes [built] [code generated]
  ./src/index.js 530 bytes [code generated]
  ./src/App.jsx 3.67 KiB [built] [code generated]
  ./src/supabase/supabaseClient.js 413 bytes [built] [code generated]

ERROR in ./src/App.jsx 2:0-87
Module not found: Error: Can't resolve 'react-router-dom' in '/home/kavia/workspace/code-generation/cityresolve-smart-complaint-management-platform-943-d65af04c/cityresolve_smart_complaint_management_platform/src'
 @ ./src/index.js 5:0-24 11:32-35

ERROR in ./src/components/Navbar.jsx 2:0-40
Module not found: Error: Can't resolve 'react-router-dom' in '/home/kavia/workspace/code-generation/cityresolve-smart-complaint-management-platform-943-d65af04c/cityresolve_smart_complaint_management_platform/src/components'
 @ ./src/App.jsx 11:0-41 21:48-54
 @ ./src/index.js 5:0-24 11:32-35

ERROR in ./src/components/ProtectedRoute.jsx 2:0-47
Module not found: Error: Can't resolve 'react-router-dom' in '/home/kavia/workspace/code-generation/cityresolve-smart-complaint-management-platform-943-d65af04c/cityresolve_smart_complaint_management_platform/src/components'
 @ ./src/App.jsx 10:0-57 57:35-49 67:35-49 77:35-49
 @ ./src/index.js 5:0-24 11:32-35

ERROR in ./src/pages/AuthorityDashboardPage.jsx 3:0-40
Module not found: Error: Can't resolve 'react-router-dom' in '/home/kavia/workspace/code-generation/cityresolve-smart-complaint-management-platform-943-d65af04c/cityresolve_smart_complaint_management_platform/src/pages'
 @ ./src/App.jsx 9:0-68 70:38-60
 @ ./src/index.js 5:0-24 11:32-35

ERROR in ./src/pages/HomePage.jsx 2:0-40
Module not found: Error: Can't resolve 'react-router-dom' in '/home/kavia/workspace/code-generation/cityresolve-smart-complaint-management-platform-943-d65af04c/cityresolve_smart_complaint_management_platform/src/pages'
 @ ./src/App.jsx 3:0-40 27:35-43
 @ ./src/index.js 5:0-24 11:32-35

ERROR in ./src/pages/IssueDetailPage.jsx 2:0-45
Module not found: Error: Can't resolve 'react-router-dom' in '/home/kavia/workspace/code-generation/cityresolve-smart-complaint-management-platform-943-d65af04c/cityresolve_smart_complaint_management_platform/src/pages'
 @ ./src/App.jsx 12:0-54 80:38-53
 @ ./src/index.js 5:0-24 11:32-35

ERROR in ./src/pages/IssueDetailPage.jsx 4:0-26
Module not found: Error: Can't resolve 'axios' in '/home/kavia/workspace/code-generation/cityresolve-smart-complaint-management-platform-943-d65af04c/cityresolve_smart_complaint_management_platform/src/pages'
 @ ./src/App.jsx 12:0-54 80:38-53
 @ ./src/index.js 5:0-24 11:32-35

ERROR in ./src/pages/IssueFormPage.jsx 3:0-26
Module not found: Error: Can't resolve 'axios' in '/home/kavia/workspace/code-generation/cityresolve-smart-complaint-management-platform-943-d65af04c/cityresolve_smart_complaint_management_platform/src/pages'
 @ ./src/App.jsx 8:0-50 60:38-51
 @ ./src/index.js 5:0-24 11:32-35

ERROR in ./src/pages/IssueFormPage.jsx 4:0-34
Module not found: Error: Can't resolve 'emailjs-com' in '/home/kavia/workspace/code-generation/cityresolve-smart-complaint-management-platform-943-d65af04c/cityresolve_smart_complaint_management_platform/src/pages'
 @ ./src/App.jsx 8:0-50 60:38-51
 @ ./src/index.js 5:0-24 11:32-35

ERROR in ./src/pages/LoginAuthorityPage.jsx 2:0-47
Module not found: Error: Can't resolve 'react-router-dom' in '/home/kavia/workspace/code-generation/cityresolve-smart-complaint-management-platform-943-d65af04c/cityresolve_smart_complaint_management_platform/src/pages'
 @ ./src/App.jsx 7:0-60 51:35-53
 @ ./src/index.js 5:0-24 11:32-35

ERROR in ./src/pages/LoginCitizenPage.jsx 3:0-47
Module not found: Error: Can't resolve 'react-router-dom' in '/home/kavia/workspace/code-generation/cityresolve-smart-complaint-management-platform-943-d65af04c/cityresolve_smart_complaint_management_platform/src/pages'
 @ ./src/App.jsx 5:0-56 39:35-51
 @ ./src/index.js 5:0-24 11:32-35

ERROR in ./src/pages/SignupAuthorityPage.jsx 3:0-47
Module not found: Error: Can't resolve 'react-router-dom' in '/home/kavia/workspace/code-generation/cityresolve-smart-complaint-management-platform-943-d65af04c/cityresolve_smart_complaint_management_platform/src/pages'
 @ ./src/App.jsx 6:0-62 45:35-54
 @ ./src/index.js 5:0-24 11:32-35

ERROR in ./src/pages/SignupCitizenPage.jsx 3:0-47
Module not found: Error: Can't resolve 'react-router-dom' in '/home/kavia/workspace/code-generation/cityresolve-smart-complaint-management-platform-943-d65af04c/cityresolve_smart_complaint_management_platform/src/pages'
 @ ./src/App.jsx 4:0-58 33:35-52
 @ ./src/index.js 5:0-24 11:32-35

ERROR in ./src/supabase/supabaseClient.js 1:0-53
Module not found: Error: Can't resolve '@supabase/supabase-js' in '/home/kavia/workspace/code-generation/cityresolve-smart-complaint-management-platform-943-d65af04c/cityresolve_smart_complaint_management_platform/src/supabase'
 @ ./src/pages/SignupCitizenPage.jsx 2:0-54 16:14-34
 @ ./src/App.jsx 4:0-58 33:35-52
 @ ./src/index.js 5:0-24 11:32-35

14 errors have detailed information that is not shown.
Use 'stats.errorDetails: true' resp. '--stats-error-details' to show it.

webpack 5.99.9 compiled with 14 errors in 276 ms
assets by status 1.45 MiB [cached] 2 assets
cached modules 1.3 MiB (javascript) 27.5 KiB (runtime) [cached] 65 modules

ERROR in ./src/App.jsx 2:0-87
Module not found: Error: Can't resolve 'react-router-dom' in '/home/kavia/workspace/code-generation/cityresolve-smart-complaint-management-platform-943-d65af04c/cityresolve_smart_complaint_management_platform/src'
 @ ./src/index.js 5:0-24 11:32-35

ERROR in ./src/components/Navbar.jsx 2:0-40
Module not found: Error: Can't resolve 'react-router-dom' in '/home/kavia/workspace/code-generation/cityresolve-smart-complaint-management-platform-943-d65af04c/cityresolve_smart_complaint_management_platform/src/components'
 @ ./src/App.jsx 11:0-41 21:48-54
 @ ./src/index.js 5:0-24 11:32-35

ERROR in ./src/components/ProtectedRoute.jsx 2:0-47
Module not found: Error: Can't resolve 'react-router-dom' in '/home/kavia/workspace/code-generation/cityresolve-smart-complaint-management-platform-943-d65af04c/cityresolve_smart_complaint_management_platform/src/components'
 @ ./src/App.jsx 10:0-57 57:35-49 67:35-49 77:35-49
 @ ./src/index.js 5:0-24 11:32-35

ERROR in ./src/pages/AuthorityDashboardPage.jsx 3:0-40
Module not found: Error: Can't resolve 'react-router-dom' in '/home/kavia/workspace/code-generation/cityresolve-smart-complaint-management-platform-943-d65af04c/cityresolve_smart_complaint_management_platform/src/pages'
 @ ./src/App.jsx 9:0-68 70:38-60
 @ ./src/index.js 5:0-24 11:32-35

ERROR in ./src/pages/HomePage.jsx 2:0-40
Module not found: Error: Can't resolve 'react-router-dom' in '/home/kavia/workspace/code-generation/cityresolve-smart-complaint-management-platform-943-d65af04c/cityresolve_smart_complaint_management_platform/src/pages'
 @ ./src/App.jsx 3:0-40 27:35-43
 @ ./src/index.js 5:0-24 11:32-35

ERROR in ./src/pages/IssueDetailPage.jsx 2:0-45
Module not found: Error: Can't resolve 'react-router-dom' in '/home/kavia/workspace/code-generation/cityresolve-smart-complaint-management-platform-943-d65af04c/cityresolve_smart_complaint_management_platform/src/pages'
 @ ./src/App.jsx 12:0-54 80:38-53
 @ ./src/index.js 5:0-24 11:32-35

ERROR in ./src/pages/IssueDetailPage.jsx 4:0-26
Module not found: Error: Can't resolve 'axios' in '/home/kavia/workspace/code-generation/cityresolve-smart-complaint-management-platform-943-d65af04c/cityresolve_smart_complaint_management_platform/src/pages'
 @ ./src/App.jsx 12:0-54 80:38-53
 @ ./src/index.js 5:0-24 11:32-35

ERROR in ./src/pages/IssueFormPage.jsx 3:0-26
Module not found: Error: Can't resolve 'axios' in '/home/kavia/workspace/code-generation/cityresolve-smart-complaint-management-platform-943-d65af04c/cityresolve_smart_complaint_management_platform/src/pages'
 @ ./src/App.jsx 8:0-50 60:38-51
 @ ./src/index.js 5:0-24 11:32-35

ERROR in ./src/pages/IssueFormPage.jsx 4:0-34
Module not found: Error: Can't resolve 'emailjs-com' in '/home/kavia/workspace/code-generation/cityresolve-smart-complaint-management-platform-943-d65af04c/cityresolve_smart_complaint_management_platform/src/pages'
 @ ./src/App.jsx 8:0-50 60:38-51
 @ ./src/index.js 5:0-24 11:32-35

ERROR in ./src/pages/LoginAuthorityPage.jsx 2:0-47
Module not found: Error: Can't resolve 'react-router-dom' in '/home/kavia/workspace/code-generation/cityresolve-smart-complaint-management-platform-943-d65af04c/cityresolve_smart_complaint_management_platform/src/pages'
 @ ./src/App.jsx 7:0-60 51:35-53
 @ ./src/index.js 5:0-24 11:32-35

ERROR in ./src/pages/LoginCitizenPage.jsx 3:0-47
Module not found: Error: Can't resolve 'react-router-dom' in '/home/kavia/workspace/code-generation/cityresolve-smart-complaint-management-platform-943-d65af04c/cityresolve_smart_complaint_management_platform/src/pages'
 @ ./src/App.jsx 5:0-56 39:35-51
 @ ./src/index.js 5:0-24 11:32-35

ERROR in ./src/pages/SignupAuthorityPage.jsx 3:0-47
Module not found: Error: Can't resolve 'react-router-dom' in '/home/kavia/workspace/code-generation/cityresolve-smart-complaint-management-platform-943-d65af04c/cityresolve_smart_complaint_management_platform/src/pages'
 @ ./src/App.jsx 6:0-62 45:35-54
 @ ./src/index.js 5:0-24 11:32-35

ERROR in ./src/pages/SignupCitizenPage.jsx 3:0-47
Module not found: Error: Can't resolve 'react-router-dom' in '/home/kavia/workspace/code-generation/cityresolve-smart-complaint-management-platform-943-d65af04c/cityresolve_smart_complaint_management_platform/src/pages'
 @ ./src/App.jsx 4:0-58 33:35-52
 @ ./src/index.js 5:0-24 11:32-35

ERROR in ./src/supabase/supabaseClient.js 1:0-53
Module not found: Error: Can't resolve '@supabase/supabase-js' in '/home/kavia/workspace/code-generation/cityresolve-smart-complaint-management-platform-943-d65af04c/cityresolve_smart_complaint_management_platform/src/supabase'
 @ ./src/pages/SignupCitizenPage.jsx 2:0-54 16:14-34
 @ ./src/App.jsx 4:0-58 33:35-52
 @ ./src/index.js 5:0-24 11:32-35

14 errors have detailed information that is not shown.
Use 'stats.errorDetails: true' resp. '--stats-error-details' to show it.

webpack 5.99.9 compiled with 14 errors in 45 ms
assets by status 1.98 KiB [cached] 1 asset
assets by path *.js 2.31 MiB
  asset bundle.js 1.87 MiB [emitted] (name: main)
  asset main.ac750ad6ed2ccb47739a.hot-update.js 448 KiB [emitted] [immutable] [hmr] (name: main)
asset main.ac750ad6ed2ccb47739a.hot-update.json 28 bytes [emitted] [immutable] [hmr]
Entrypoint main 2.31 MiB = bundle.js 1.87 MiB main.ac750ad6ed2ccb47739a.hot-update.js 448 KiB
cached modules 1.29 MiB [cached] 49 modules
runtime modules 27.5 KiB 14 modules
orphan modules 409 bytes [orphan] 3 modules
javascript modules 344 KiB
  modules by path ../node_modules/@supabase/ 324 KiB 55 modules
  modules by path ../node_modules/emailjs-com/es/ 4.37 KiB
    modules by path ../node_modules/emailjs-com/es/methods/ 2.57 KiB
      ../node_modules/emailjs-com/es/methods/init/init.js 297 bytes [built] [code generated]
      ../node_modules/emailjs-com/es/methods/send/send.js 980 bytes [built] [code generated]
      ../node_modules/emailjs-com/es/methods/sendForm/sendForm.js 1.32 KiB [built] [code generated]
    + 5 modules
  modules by path ./src/ 15.2 KiB
    ./src/pages/IssueFormPage.jsx 14.8 KiB [code generated]
    ./src/supabase/supabaseClient.js 413 bytes [code generated]
  ../node_modules/ws/browser.js 176 bytes [built] [code generated]

ERROR in ./src/App.jsx 2:0-87
Module not found: Error: Can't resolve 'react-router-dom' in '/home/kavia/workspace/code-generation/cityresolve-smart-complaint-management-platform-943-d65af04c/cityresolve_smart_complaint_management_platform/src'
 @ ./src/index.js 5:0-24 11:32-35

ERROR in ./src/components/Navbar.jsx 2:0-40
Module not found: Error: Can't resolve 'react-router-dom' in '/home/kavia/workspace/code-generation/cityresolve-smart-complaint-management-platform-943-d65af04c/cityresolve_smart_complaint_management_platform/src/components'
 @ ./src/App.jsx 11:0-41 21:48-54
 @ ./src/index.js 5:0-24 11:32-35

ERROR in ./src/components/ProtectedRoute.jsx 2:0-47
Module not found: Error: Can't resolve 'react-router-dom' in '/home/kavia/workspace/code-generation/cityresolve-smart-complaint-management-platform-943-d65af04c/cityresolve_smart_complaint_management_platform/src/components'
 @ ./src/App.jsx 10:0-57 57:35-49 67:35-49 77:35-49
 @ ./src/index.js 5:0-24 11:32-35

ERROR in ./src/pages/AuthorityDashboardPage.jsx 3:0-40
Module not found: Error: Can't resolve 'react-router-dom' in '/home/kavia/workspace/code-generation/cityresolve-smart-complaint-management-platform-943-d65af04c/cityresolve_smart_complaint_management_platform/src/pages'
 @ ./src/App.jsx 9:0-68 70:38-60
 @ ./src/index.js 5:0-24 11:32-35

ERROR in ./src/pages/HomePage.jsx 2:0-40
Module not found: Error: Can't resolve 'react-router-dom' in '/home/kavia/workspace/code-generation/cityresolve-smart-complaint-management-platform-943-d65af04c/cityresolve_smart_complaint_management_platform/src/pages'
 @ ./src/App.jsx 3:0-40 27:35-43
 @ ./src/index.js 5:0-24 11:32-35

ERROR in ./src/pages/IssueDetailPage.jsx 2:0-45
Module not found: Error: Can't resolve 'react-router-dom' in '/home/kavia/workspace/code-generation/cityresolve-smart-complaint-management-platform-943-d65af04c/cityresolve_smart_complaint_management_platform/src/pages'
 @ ./src/App.jsx 12:0-54 80:38-53
 @ ./src/index.js 5:0-24 11:32-35

ERROR in ./src/pages/IssueDetailPage.jsx 4:0-26
Module not found: Error: Can't resolve 'axios' in '/home/kavia/workspace/code-generation/cityresolve-smart-complaint-management-platform-943-d65af04c/cityresolve_smart_complaint_management_platform/src/pages'
 @ ./src/App.jsx 12:0-54 80:38-53
 @ ./src/index.js 5:0-24 11:32-35

ERROR in ./src/pages/IssueFormPage.jsx 3:0-26
Module not found: Error: Can't resolve 'axios' in '/home/kavia/workspace/code-generation/cityresolve-smart-complaint-management-platform-943-d65af04c/cityresolve_smart_complaint_management_platform/src/pages'
 @ ./src/App.jsx 8:0-50 60:38-51
 @ ./src/index.js 5:0-24 11:32-35

ERROR in ./src/pages/LoginAuthorityPage.jsx 2:0-47
Module not found: Error: Can't resolve 'react-router-dom' in '/home/kavia/workspace/code-generation/cityresolve-smart-complaint-management-platform-943-d65af04c/cityresolve_smart_complaint_management_platform/src/pages'
 @ ./src/App.jsx 7:0-60 51:35-53
 @ ./src/index.js 5:0-24 11:32-35

ERROR in ./src/pages/LoginCitizenPage.jsx 3:0-47
Module not found: Error: Can't resolve 'react-router-dom' in '/home/kavia/workspace/code-generation/cityresolve-smart-complaint-management-platform-943-d65af04c/cityresolve_smart_complaint_management_platform/src/pages'
 @ ./src/App.jsx 5:0-56 39:35-51
 @ ./src/index.js 5:0-24 11:32-35

ERROR in ./src/pages/SignupAuthorityPage.jsx 3:0-47
Module not found: Error: Can't resolve 'react-router-dom' in '/home/kavia/workspace/code-generation/cityresolve-smart-complaint-management-platform-943-d65af04c/cityresolve_smart_complaint_management_platform/src/pages'
 @ ./src/App.jsx 6:0-62 45:35-54
 @ ./src/index.js 5:0-24 11:32-35

ERROR in ./src/pages/SignupCitizenPage.jsx 3:0-47
Module not found: Error: Can't resolve 'react-router-dom' in '/home/kavia/workspace/code-generation/cityresolve-smart-complaint-management-platform-943-d65af04c/cityresolve_smart_complaint_management_platform/src/pages'
 @ ./src/App.jsx 4:0-58 33:35-52
 @ ./src/index.js 5:0-24 11:32-35

12 errors have detailed information that is not shown.
Use 'stats.errorDetails: true' resp. '--stats-error-details' to show it.

webpack 5.99.9 compiled with 12 errors in 472 ms
assets by status 1.98 KiB [cached] 1 asset
assets by path *.js 3.06 MiB
  asset bundle.js 2.43 MiB [emitted] (name: main)
  asset main.bc2bd6057139dcc56b80.hot-update.js 648 KiB [emitted] [immutable] [hmr] (name: main)
asset main.bc2bd6057139dcc56b80.hot-update.json 28 bytes [emitted] [immutable] [hmr]
Entrypoint main 3.06 MiB = bundle.js 2.43 MiB main.bc2bd6057139dcc56b80.hot-update.js 648 KiB
cached modules 1.58 MiB [cached] 107 modules
runtime modules 28.7 KiB 15 modules
orphan modules 681 bytes [orphan] 1 module
javascript modules 516 KiB
  modules by path ../node_modules/axios/lib/ 100 KiB 49 modules
  modules by path ./src/ 45.2 KiB 11 modules
  modules by path ../node_modules/react/ 44.2 KiB
    ../node_modules/react/index.js 186 bytes [built] [code generated]
    ../node_modules/react/cjs/react.development.js 44 KiB [built] [code generated]
  modules by path ../node_modules/react-dom/ 18.6 KiB
    ../node_modules/react-dom/index.js 1.33 KiB [built] [code generated]
    ../node_modules/react-dom/cjs/react-dom.development.js 17.3 KiB [built] [code generated]
  ../node_modules/react-router-dom/dist/index.js 55.4 KiB [built] [code generated]
  ../node_modules/react-router/dist/index.js 59.3 KiB [built] [code generated]
  ../node_modules/@remix-run/router/dist/router.js 193 KiB [built] [code generated]
webpack 5.99.9 compiled successfully in 371 ms
assets by status 1.98 KiB [cached] 1 asset
assets by path *.js 2.52 MiB
  asset bundle.js 2.38 MiB [emitted] (name: main)
  asset main.4bb6dde1f3400b3722e8.hot-update.js 141 KiB [emitted] [immutable] [hmr] (name: main)
asset main.4bb6dde1f3400b3722e8.hot-update.json 76 bytes [emitted] [immutable] [hmr]
Entrypoint main 2.52 MiB = bundle.js 2.38 MiB main.4bb6dde1f3400b3722e8.hot-update.js 141 KiB
cached modules 1.91 MiB [cached] 169 modules
runtime modules 28.7 KiB 15 modules
javascript modules 133 KiB
  built modules 569 bytes [built]
    ../node_modules/react/index.js 39 bytes [built] [code generated] [1 error]
    ../node_modules/@supabase/postgrest-js/dist/esm/wrapper.mjs 530 bytes [built]
  ../node_modules/react-router-dom/dist/index.js 55.4 KiB [code generated]
  ../node_modules/react-router/dist/index.js 59.3 KiB [code generated]
  ../node_modules/react-dom/cjs/react-dom.development.js 17.3 KiB [code generated]

ERROR in ../node_modules/react/index.js
Module build failed: Error: ENOENT: no such file or directory, open '/home/kavia/workspace/code-generation/cityresolve-smart-complaint-management-platform-943-d65af04c/node_modules/react/index.js'
 @ ../node_modules/react-router-dom/dist/index.js 11:0-31 312:43-62 318:37-56 348:28-33 352:18-23 395:30-44 396:40-54 397:34-48 400:34-48 401:36-50 402:40-54 403:20-32 407:29-46 414:17-34 495:2-23 498:2-17 506:2-17 527:2-17 534:2-17 546:2-17 551:18-31 568:26-39 574:21-34 577:2-17 584:22-41 584:42-56 584:77-96 586:18-37 588:18-37 590:18-37 592:18-37 598:75-94 605:40-50 624:19-31 632:30-44 639:17-34 642:2-23 643:2-17 644:22-41 664:19-31 672:30-44 679:17-34 682:2-23 683:2-17 684:22-41 706:30-44 713:17-34 716:2-23 717:2-17 718:22-41 735:26-42 750:6-22 796:4-23 810:29-45 826:20-36 830:6-22 872:22-41 890:26-42 927:22-41 978:12-28 983:14-30 1007:9-26 1029:31-43 1030:30-42 1032:21-34 1038:24-41 1062:6-22 1064:9-26 1110:6-22 1111:21-37 1166:20-36 1167:14-30 1176:36-50 1184:2-17 1194:13-30 1199:15-32 1205:20-33 1206:35-51 1207:26-45 1221:30-43 1262:6-22 1267:2-17 1274:14-31 1289:4-25 1301:4-25 1311:4-25 1350:2-17 1372:2-17 1396:2-17 1409:2-17 1427:18-34
 @ ./src/App.jsx 2:0-87 16:19-30 23:27-33 25:35-40 31:28-33 37:28-33 43:28-33 49:28-33 55:28-33 65:28-33 75:28-33 90:27-33
 @ ./src/index.js 5:0-24 11:32-35

webpack 5.99.9 compiled with 1 error in 127 ms
assets by status 1.98 KiB [cached] 1 asset
assets by path *.js 4.74 MiB
  asset bundle.js 3.48 MiB [emitted] (name: main)
  asset main.b6d1cc8ddde6987c62d7.hot-update.js 1.25 MiB [emitted] [immutable] [hmr] (name: main)
asset main.b6d1cc8ddde6987c62d7.hot-update.json 28 bytes [emitted] [immutable] [hmr]
Entrypoint main 4.74 MiB = bundle.js 3.48 MiB main.b6d1cc8ddde6987c62d7.hot-update.js 1.25 MiB
cached modules 1.91 MiB [cached] 169 modules
runtime modules 28.7 KiB 15 modules
javascript modules 1.2 MiB
  built modules 1.08 MiB [built]
    modules by path ../node_modules/react/ 85.7 KiB
      ../node_modules/react/index.js 190 bytes [built] [code generated]
      ../node_modules/react/cjs/react.development.js 85.5 KiB [built] [code generated]
    modules by path ../node_modules/react-dom/ 1010 KiB
      ../node_modules/react-dom/index.js 1.33 KiB [built] [code generated]
      ../node_modules/react-dom/cjs/react-dom.development.js 1010 KiB [built] [code generated]
    modules by path ../node_modules/scheduler/ 17.3 KiB
      ../node_modules/scheduler/index.js 198 bytes [built] [code generated]
      ../node_modules/scheduler/cjs/scheduler.development.js 17.1 KiB [built] [code generated]
  ../node_modules/react-router-dom/dist/index.js 55.4 KiB [code generated]
  ../node_modules/react-router/dist/index.js 59.3 KiB [code generated]
webpack 5.99.9 compiled successfully in 404 ms
Injecting EditorRootWrapper import: ../.ve/EditorRootWrapper
assets by status 1.98 KiB [cached] 1 asset
assets by path *.js 3.48 MiB
  asset bundle.js 3.47 MiB [emitted] (name: main)
  asset main.375c4bae4b9b4cee8316.hot-update.js 3 KiB [emitted] [immutable] [hmr] (name: main)
asset main.375c4bae4b9b4cee8316.hot-update.json 101 bytes [emitted] [immutable] [hmr]
Entrypoint main 3.48 MiB = bundle.js 3.47 MiB main.375c4bae4b9b4cee8316.hot-update.js 3 KiB
cached modules 3.1 MiB [cached] 174 modules
runtime modules 28.7 KiB 15 modules
./src/index.js 665 bytes [built] [code generated]
webpack 5.99.9 compiled successfully in 99 ms
assets by status 1.98 KiB [cached] 1 asset
assets by path *.js 2.85 MiB
  asset bundle.js 2.83 MiB [emitted] (name: main)
  asset main.24c4b111003e41a43d93.hot-update.js 13.6 KiB [emitted] [immutable] [hmr] (name: main)
asset main.24c4b111003e41a43d93.hot-update.json 6.84 KiB [emitted] [immutable] [hmr]
Entrypoint main 2.85 MiB = bundle.js 2.83 MiB main.24c4b111003e41a43d93.hot-update.js 13.6 KiB
cached modules 2.64 MiB [cached] 45 modules
runtime modules 28.7 KiB 15 modules
javascript modules 704 bytes
  ./src/index.js 665 bytes [code generated]
  ./src/App.jsx 39 bytes [built] [code generated] [1 error]

ERROR in ./src/App.jsx
Module build failed (from ./node_modules/babel-loader/lib/index.js):
SyntaxError: /home/kavia/workspace/code-generation/cityresolve-smart-complaint-management-platform-943-d65af04c/cityresolve_smart_complaint_management_platform/src/App.jsx: Adjacent JSX elements must be wrapped in an enclosing tag. Did you want a JSX fragment <>...</>? (30:8)

  28 |         <Route path=//"/signup/authority" element={<SignupAuthorityPage />} />
  29 |         <Route path="/login/authority" element={<LoginAuthorityPage />} />
> 30 |         <Route path="/issue-form" element={<ProtectedRoute role="citizen"><IssueFormPage /></ProtectedRoute>} />
     |         ^
  31 |         <Route path="/dashboard" element={<ProtectedRoute role="authority"><AuthorityDashboardPage /></ProtectedRoute>} />
  32 |         <Route path="/issue/:id" element={<ProtectedRoute role="authority"><IssueDetailPage /></ProtectedRoute>} />
  33 |
    at constructor (/home/kavia/workspace/code-generation/cityresolve-smart-complaint-management-platform-943-d65af04c/cityresolve_smart_complaint_management_platform/node_modules/@babel/parser/lib/index.js:363:19)
    at JSXParserMixin.raise (/home/kavia/workspace/code-generation/cityresolve-smart-complaint-management-platform-943-d65af04c/cityresolve_smart_complaint_management_platform/node_modules/@babel/parser/lib/index.js:6609:19)
    at JSXParserMixin.jsxParseElementAt (/home/kavia/workspace/code-generation/cityresolve-smart-complaint-management-platform-943-d65af04c/cityresolve_smart_complaint_management_platform/node_modules/@babel/parser/lib/index.js:4754:18)
    at JSXParserMixin.jsxParseElement (/home/kavia/workspace/code-generation/cityresolve-smart-complaint-management-platform-943-d65af04c/cityresolve_smart_complaint_management_platform/node_modules/@babel/parser/lib/index.js:4761:17)
    at JSXParserMixin.parseExprAtom (/home/kavia/workspace/code-generation/cityresolve-smart-complaint-management-platform-943-d65af04c/cityresolve_smart_complaint_management_platform/node_modules/@babel/parser/lib/index.js:4771:19)
    at JSXParserMixin.jsxParseAttributeValue (/home/kavia/workspace/code-generation/cityresolve-smart-complaint-management-platform-943-d65af04c/cityresolve_smart_complaint_management_platform/node_modules/@babel/parser/lib/index.js:4623:21)
    at JSXParserMixin.jsxParseAttribute (/home/kavia/workspace/code-generation/cityresolve-smart-complaint-management-platform-943-d65af04c/cityresolve_smart_complaint_management_platform/node_modules/@babel/parser/lib/index.js:4665:38)
    at JSXParserMixin.jsxParseOpeningElementAfterName (/home/kavia/workspace/code-generation/cityresolve-smart-complaint-management-platform-943-d65af04c/cityresolve_smart_complaint_management_platform/node_modules/@babel/parser/lib/index.js:4679:28)
    at JSXParserMixin.jsxParseOpeningElementAt (/home/kavia/workspace/code-generation/cityresolve-smart-complaint-management-platform-943-d65af04c/cityresolve_smart_complaint_management_platform/node_modules/@babel/parser/lib/index.js:4674:17)
    at JSXParserMixin.jsxParseElementAt (/home/kavia/workspace/code-generation/cityresolve-smart-complaint-management-platform-943-d65af04c/cityresolve_smart_complaint_management_platform/node_modules/@babel/parser/lib/index.js:4698:33)
    at JSXParserMixin.jsxParseElementAt (/home/kavia/workspace/code-generation/cityresolve-smart-complaint-management-platform-943-d65af04c/cityresolve_smart_complaint_management_platform/node_modules/@babel/parser/lib/index.js:4710:32)
    at JSXParserMixin.jsxParseElementAt (/home/kavia/workspace/code-generation/cityresolve-smart-complaint-management-platform-943-d65af04c/cityresolve_smart_complaint_management_platform/node_modules/@babel/parser/lib/index.js:4710:32)
    at JSXParserMixin.jsxParseElement (/home/kavia/workspace/code-generation/cityresolve-smart-complaint-management-platform-943-d65af04c/cityresolve_smart_complaint_management_platform/node_modules/@babel/parser/lib/index.js:4761:17)
    at JSXParserMixin.parseExprAtom (/home/kavia/workspace/code-generation/cityresolve-smart-complaint-management-platform-943-d65af04c/cityresolve_smart_complaint_management_platform/node_modules/@babel/parser/lib/index.js:4771:19)
    at JSXParserMixin.parseExprSubscripts (/home/kavia/workspace/code-generation/cityresolve-smart-complaint-management-platform-943-d65af04c/cityresolve_smart_complaint_management_platform/node_modules/@babel/parser/lib/index.js:11012:23)
    at JSXParserMixin.parseUpdate (/home/kavia/workspace/code-generation/cityresolve-smart-complaint-management-platform-943-d65af04c/cityresolve_smart_complaint_management_platform/node_modules/@babel/parser/lib/index.js:10997:21)
    at JSXParserMixin.parseMaybeUnary (/home/kavia/workspace/code-generation/cityresolve-smart-complaint-management-platform-943-d65af04c/cityresolve_smart_complaint_management_platform/node_modules/@babel/parser/lib/index.js:10977:23)
    at JSXParserMixin.parseMaybeUnaryOrPrivate (/home/kavia/workspace/code-generation/cityresolve-smart-complaint-management-platform-943-d65af04c/cityresolve_smart_complaint_management_platform/node_modules/@babel/parser/lib/index.js:10830:61)
    at JSXParserMixin.parseExprOps (/home/kavia/workspace/code-generation/cityresolve-smart-complaint-management-platform-943-d65af04c/cityresolve_smart_complaint_management_platform/node_modules/@babel/parser/lib/index.js:10835:23)
    at JSXParserMixin.parseMaybeConditional (/home/kavia/workspace/code-generation/cityresolve-smart-complaint-management-platform-943-d65af04c/cityresolve_smart_complaint_management_platform/node_modules/@babel/parser/lib/index.js:10812:23)
    at JSXParserMixin.parseMaybeAssign (/home/kavia/workspace/code-generation/cityresolve-smart-complaint-management-platform-943-d65af04c/cityresolve_smart_complaint_management_platform/node_modules/@babel/parser/lib/index.js:10765:21)
    at /home/kavia/workspace/code-generation/cityresolve-smart-complaint-management-platform-943-d65af04c/cityresolve_smart_complaint_management_platform/node_modules/@babel/parser/lib/index.js:10734:39
    at JSXParserMixin.allowInAnd (/home/kavia/workspace/code-generation/cityresolve-smart-complaint-management-platform-943-d65af04c/cityresolve_smart_complaint_management_platform/node_modules/@babel/parser/lib/index.js:12361:12)
    at JSXParserMixin.parseMaybeAssignAllowIn (/home/kavia/workspace/code-generation/cityresolve-smart-complaint-management-platform-943-d65af04c/cityresolve_smart_complaint_management_platform/node_modules/@babel/parser/lib/index.js:10734:17)
    at JSXParserMixin.parseParenAndDistinguishExpression (/home/kavia/workspace/code-generation/cityresolve-smart-complaint-management-platform-943-d65af04c/cityresolve_smart_complaint_management_platform/node_modules/@babel/parser/lib/index.js:11608:28)
    at JSXParserMixin.parseExprAtom (/home/kavia/workspace/code-generation/cityresolve-smart-complaint-management-platform-943-d65af04c/cityresolve_smart_complaint_management_platform/node_modules/@babel/parser/lib/index.js:11262:23)
    at JSXParserMixin.parseExprAtom (/home/kavia/workspace/code-generation/cityresolve-smart-complaint-management-platform-943-d65af04c/cityresolve_smart_complaint_management_platform/node_modules/@babel/parser/lib/index.js:4776:20)
    at JSXParserMixin.parseExprSubscripts (/home/kavia/workspace/code-generation/cityresolve-smart-complaint-management-platform-943-d65af04c/cityresolve_smart_complaint_management_platform/node_modules/@babel/parser/lib/index.js:11012:23)
    at JSXParserMixin.parseUpdate (/home/kavia/workspace/code-generation/cityresolve-smart-complaint-management-platform-943-d65af04c/cityresolve_smart_complaint_management_platform/node_modules/@babel/parser/lib/index.js:10997:21)
    at JSXParserMixin.parseMaybeUnary (/home/kavia/workspace/code-generation/cityresolve-smart-complaint-management-platform-943-d65af04c/cityresolve_smart_complaint_management_platform/node_modules/@babel/parser/lib/index.js:10977:23)
    at JSXParserMixin.parseMaybeUnaryOrPrivate (/home/kavia/workspace/code-generation/cityresolve-smart-complaint-management-platform-943-d65af04c/cityresolve_smart_complaint_management_platform/node_modules/@babel/parser/lib/index.js:10830:61)
    at JSXParserMixin.parseExprOps (/home/kavia/workspace/code-generation/cityresolve-smart-complaint-management-platform-943-d65af04c/cityresolve_smart_complaint_management_platform/node_modules/@babel/parser/lib/index.js:10835:23)
    at JSXParserMixin.parseMaybeConditional (/home/kavia/workspace/code-generation/cityresolve-smart-complaint-management-platform-943-d65af04c/cityresolve_smart_complaint_management_platform/node_modules/@babel/parser/lib/index.js:10812:23)
    at JSXParserMixin.parseMaybeAssign (/home/kavia/workspace/code-generation/cityresolve-smart-complaint-management-platform-943-d65af04c/cityresolve_smart_complaint_management_platform/node_modules/@babel/parser/lib/index.js:10765:21)
    at JSXParserMixin.parseExpressionBase (/home/kavia/workspace/code-generation/cityresolve-smart-complaint-management-platform-943-d65af04c/cityresolve_smart_complaint_management_platform/node_modules/@babel/parser/lib/index.js:10718:23)
    at /home/kavia/workspace/code-generation/cityresolve-smart-complaint-management-platform-943-d65af04c/cityresolve_smart_complaint_management_platform/node_modules/@babel/parser/lib/index.js:10714:39
    at JSXParserMixin.allowInAnd (/home/kavia/workspace/code-generation/cityresolve-smart-complaint-management-platform-943-d65af04c/cityresolve_smart_complaint_management_platform/node_modules/@babel/parser/lib/index.js:12356:16)
    at JSXParserMixin.parseExpression (/home/kavia/workspace/code-generation/cityresolve-smart-complaint-management-platform-943-d65af04c/cityresolve_smart_complaint_management_platform/node_modules/@babel/parser/lib/index.js:10714:17)
    at JSXParserMixin.parseReturnStatement (/home/kavia/workspace/code-generation/cityresolve-smart-complaint-management-platform-943-d65af04c/cityresolve_smart_complaint_management_platform/node_modules/@babel/parser/lib/index.js:13061:28)
    at JSXParserMixin.parseStatementContent (/home/kavia/workspace/code-generation/cityresolve-smart-complaint-management-platform-943-d65af04c/cityresolve_smart_complaint_management_platform/node_modules/@babel/parser/lib/index.js:12716:21)
    at JSXParserMixin.parseStatementLike (/home/kavia/workspace/code-generation/cityresolve-smart-complaint-management-platform-943-d65af04c/cityresolve_smart_complaint_management_platform/node_modules/@babel/parser/lib/index.js:12685:17)
    at JSXParserMixin.parseStatementListItem (/home/kavia/workspace/code-generation/cityresolve-smart-complaint-management-platform-943-d65af04c/cityresolve_smart_complaint_management_platform/node_modules/@babel/parser/lib/index.js:12665:17)
    at JSXParserMixin.parseBlockOrModuleBlockBody (/home/kavia/workspace/code-generation/cityresolve-smart-complaint-management-platform-943-d65af04c/cityresolve_smart_complaint_management_platform/node_modules/@babel/parser/lib/index.js:13235:61)
    at JSXParserMixin.parseBlockBody (/home/kavia/workspace/code-generation/cityresolve-smart-complaint-management-platform-943-d65af04c/cityresolve_smart_complaint_management_platform/node_modules/@babel/parser/lib/index.js:13228:10)
    at JSXParserMixin.parseBlock (/home/kavia/workspace/code-generation/cityresolve-smart-complaint-management-platform-943-d65af04c/cityresolve_smart_complaint_management_platform/node_modules/@babel/parser/lib/index.js:13216:10)
    at JSXParserMixin.parseFunctionBody (/home/kavia/workspace/code-generation/cityresolve-smart-complaint-management-platform-943-d65af04c/cityresolve_smart_complaint_management_platform/node_modules/@babel/parser/lib/index.js:12035:24)
    at JSXParserMixin.parseFunctionBodyAndFinish (/home/kavia/workspace/code-generation/cityresolve-smart-complaint-management-platform-943-d65af04c/cityresolve_smart_complaint_management_platform/node_modules/@babel/parser/lib/index.js:12021:10)
    at /home/kavia/workspace/code-generation/cityresolve-smart-complaint-management-platform-943-d65af04c/cityresolve_smart_complaint_management_platform/node_modules/@babel/parser/lib/index.js:13360:12
    at JSXParserMixin.withSmartMixTopicForbiddingContext (/home/kavia/workspace/code-generation/cityresolve-smart-complaint-management-platform-943-d65af04c/cityresolve_smart_complaint_management_platform/node_modules/@babel/parser/lib/index.js:12338:14)
    at JSXParserMixin.parseFunction (/home/kavia/workspace/code-generation/cityresolve-smart-complaint-management-platform-943-d65af04c/cityresolve_smart_complaint_management_platform/node_modules/@babel/parser/lib/index.js:13359:10)
 @ ./src/index.js 4:0-24 13:34-37

webpack 5.99.9 compiled with 1 error in 42 ms
assets by status 1.98 KiB [cached] 1 asset
assets by path *.js 4.12 MiB
  asset bundle.js 3.47 MiB [emitted] (name: main)
  asset main.91c91f9cb1d441866c1c.hot-update.js 667 KiB [emitted] [immutable] [hmr] (name: main)
asset main.91c91f9cb1d441866c1c.hot-update.json 28 bytes [emitted] [immutable] [hmr]
Entrypoint main 4.12 MiB = bundle.js 3.47 MiB main.91c91f9cb1d441866c1c.hot-update.js 667 KiB
cached modules 3.1 MiB [cached] 173 modules
runtime modules 28.7 KiB 15 modules
javascript modules 4.32 KiB
  ./src/index.js 665 bytes [code generated]
  ./src/App.jsx 3.67 KiB [built] [code generated]
webpack 5.99.9 compiled successfully in 88 ms
assets by status 1.98 KiB [cached] 1 asset
assets by path *.js 3.48 MiB
  asset bundle.js 3.47 MiB [emitted] (name: main)
  asset main.769c4a51acf9dbf1df7f.hot-update.js 8.45 KiB [emitted] [immutable] [hmr] (name: main)
asset main.769c4a51acf9dbf1df7f.hot-update.json 28 bytes [emitted] [immutable] [hmr]
Entrypoint main 3.48 MiB = bundle.js 3.47 MiB main.769c4a51acf9dbf1df7f.hot-update.js 8.45 KiB
cached modules 3.1 MiB [cached] 174 modules
runtime modules 28.7 KiB 15 modules
./src/App.jsx 3.67 KiB [built] [code generated]
webpack 5.99.9 compiled successfully in 61 ms
assets by status 1.98 KiB [cached] 1 asset
assets by path *.js 3.48 MiB
  asset bundle.js 3.47 MiB [emitted] (name: main)
  asset main.3162cf74b5f11a0fd26a.hot-update.js 9.21 KiB [emitted] [immutable] [hmr] (name: main)
asset main.3162cf74b5f11a0fd26a.hot-update.json 28 bytes [emitted] [immutable] [hmr]
Entrypoint main 3.48 MiB = bundle.js 3.47 MiB main.3162cf74b5f11a0fd26a.hot-update.js 9.21 KiB
cached modules 3.1 MiB [cached] 174 modules
runtime modules 28.7 KiB 15 modules
./src/App.jsx 3.67 KiB [built] [code generated]
webpack 5.99.9 compiled successfully in 69 ms
assets by status 1.98 KiB [cached] 1 asset
assets by path *.js 3.48 MiB
  asset bundle.js 3.47 MiB [emitted] (name: main)
  asset main.4174e4a38ed53a0ec8ab.hot-update.js 8.45 KiB [emitted] [immutable] [hmr] (name: main)
asset main.4174e4a38ed53a0ec8ab.hot-update.json 28 bytes [emitted] [immutable] [hmr]
Entrypoint main 3.48 MiB = bundle.js 3.47 MiB main.4174e4a38ed53a0ec8ab.hot-update.js 8.45 KiB
cached modules 3.1 MiB [cached] 174 modules
runtime modules 28.7 KiB 15 modules
./src/App.jsx 3.67 KiB [built] [code generated]
webpack 5.99.9 compiled successfully in 56 ms
assets by status 1.98 KiB [cached] 1 asset
assets by path *.js 3.48 MiB
  asset bundle.js 3.47 MiB [emitted] (name: main)
  asset main.ce96afa096c77e3d87ea.hot-update.js 7.99 KiB [emitted] [immutable] [hmr] (name: main)
asset main.ce96afa096c77e3d87ea.hot-update.json 28 bytes [emitted] [immutable] [hmr]
Entrypoint main 3.48 MiB = bundle.js 3.47 MiB main.ce96afa096c77e3d87ea.hot-update.js 7.99 KiB
cached modules 3.1 MiB [cached] 173 modules
runtime modules 28.7 KiB 15 modules
javascript modules 4.11 KiB
  ./src/index.js 665 bytes [code generated]
  ./src/App.jsx 3.46 KiB [built] [code generated]

WARNING in ./src/index.js 13:34-37
export 'default' (imported as 'App') was not found in './App' (module has no exports)

webpack 5.99.9 compiled with 1 warning in 55 ms
assets by status 1.98 KiB [cached] 1 asset
assets by path *.js 3.48 MiB
  asset bundle.js 3.47 MiB [emitted] (name: main)
  asset main.b6ce0e436a5aa81d62eb.hot-update.js 8.3 KiB [emitted] [immutable] [hmr] (name: main)
asset main.b6ce0e436a5aa81d62eb.hot-update.json 28 bytes [emitted] [immutable] [hmr]
Entrypoint main 3.48 MiB = bundle.js 3.47 MiB main.b6ce0e436a5aa81d62eb.hot-update.js 8.3 KiB
cached modules 3.1 MiB [cached] 173 modules
runtime modules 28.7 KiB 15 modules
javascript modules 4.23 KiB
  ./src/index.js 665 bytes [code generated]
  ./src/App.jsx 3.58 KiB [built] [code generated]
webpack 5.99.9 compiled successfully in 57 ms
assets by status 1.98 KiB [cached] 1 asset
assets by path *.js 3.48 MiB
  asset bundle.js 3.47 MiB [emitted] (name: main)
  asset main.cd441e160deff93961bf.hot-update.js 8.31 KiB [emitted] [immutable] [hmr] (name: main)
asset main.cd441e160deff93961bf.hot-update.json 28 bytes [emitted] [immutable] [hmr]
Entrypoint main 3.48 MiB = bundle.js 3.47 MiB main.cd441e160deff93961bf.hot-update.js 8.31 KiB
cached modules 3.1 MiB [cached] 174 modules
runtime modules 28.7 KiB 15 modules
./src/App.jsx 3.58 KiB [built] [code generated]
webpack 5.99.9 compiled successfully in 57 ms
assets by status 1.98 KiB [cached] 1 asset
assets by path *.js 3.48 MiB
  asset bundle.js 3.47 MiB [emitted] (name: main)
  asset main.666707cf6f1293bebe30.hot-update.js 8.93 KiB [emitted] [immutable] [hmr] (name: main)
asset main.666707cf6f1293bebe30.hot-update.json 28 bytes [emitted] [immutable] [hmr]
Entrypoint main 3.48 MiB = bundle.js 3.47 MiB main.666707cf6f1293bebe30.hot-update.js 8.93 KiB
cached modules 3.1 MiB [cached] 174 modules
runtime modules 28.7 KiB 15 modules
./src/App.jsx 3.64 KiB [built] [code generated]
webpack 5.99.9 compiled successfully in 50 ms
assets by status 1.98 KiB [cached] 1 asset
assets by path *.js 3.48 MiB
  asset bundle.js 3.47 MiB [emitted] (name: main)
  asset main.eb8e9aeb04ce126864e1.hot-update.js 8.93 KiB [emitted] [immutable] [hmr] (name: main)
asset main.eb8e9aeb04ce126864e1.hot-update.json 28 bytes [emitted] [immutable] [hmr]
Entrypoint main 3.48 MiB = bundle.js 3.47 MiB main.eb8e9aeb04ce126864e1.hot-update.js 8.93 KiB
cached modules 3.1 MiB [cached] 174 modules
runtime modules 28.7 KiB 15 modules
./src/App.jsx 3.64 KiB [built] [code generated]
webpack 5.99.9 compiled successfully in 73 ms
assets by status 1.98 KiB [cached] 1 asset
assets by path *.js 2.82 MiB
  asset bundle.js 2.82 MiB [emitted] (name: main)
  asset main.a37964b7b3159805e0cd.hot-update.js 3.33 KiB [emitted] [immutable] [hmr] (name: main)
asset main.a37964b7b3159805e0cd.hot-update.json 6.84 KiB [emitted] [immutable] [hmr]
Entrypoint main 2.82 MiB = bundle.js 2.82 MiB main.a37964b7b3159805e0cd.hot-update.js 3.33 KiB
cached modules 2.64 MiB [cached] 45 modules
runtime modules 28.7 KiB 15 modules
javascript modules 666 bytes
  ./src/index.js 665 bytes [code generated]
  ./src/App.jsx 1 bytes [built] [code generated]
webpack 5.99.9 compiled successfully in 58 ms
assets by status 1.98 KiB [cached] 1 asset
assets by path *.js 4.13 MiB
  asset bundle.js 3.47 MiB [emitted] (name: main)
  asset main.845bd98005b982132994.hot-update.js 669 KiB [emitted] [immutable] [hmr] (name: main)
asset main.845bd98005b982132994.hot-update.json 28 bytes [emitted] [immutable] [hmr]
Entrypoint main 4.13 MiB = bundle.js 3.47 MiB main.845bd98005b982132994.hot-update.js 669 KiB
cached modules 3.1 MiB [cached] 173 modules
runtime modules 28.7 KiB 15 modules
javascript modules 4.19 KiB
  ./src/index.js 665 bytes [code generated]
  ./src/App.jsx 3.54 KiB [built] [code generated]
webpack 5.99.9 compiled successfully in 73 ms
Injecting EditorRootWrapper import: ../.ve/EditorRootWrapper
assets by status 3.47 MiB [cached] 2 assets
cached modules 3.1 MiB (javascript) 28.7 KiB (runtime) [cached] 189 modules
./src/index.js 665 bytes [built]
webpack 5.99.9 compiled successfully in 62 ms
Injecting EditorRootWrapper import: ../.ve/EditorRootWrapper
assets by path *.js 3.47 MiB
  asset bundle.js 3.47 MiB [emitted] (name: main)
  asset main.9e30205950daeaf804e2.hot-update.js 854 bytes [emitted] [immutable] [hmr] (name: main)
asset index.html 1.98 KiB [emitted]
asset main.9e30205950daeaf804e2.hot-update.json 28 bytes [emitted] [immutable] [hmr]
Entrypoint main 3.47 MiB = bundle.js 3.47 MiB main.9e30205950daeaf804e2.hot-update.js 854 bytes
cached modules 3.05 MiB [cached] 159 modules
runtime modules 28.7 KiB 15 modules
javascript modules 58.3 KiB
  modules by path ./src/ 46.1 KiB
    modules by path ./src/pages/*.jsx 39.5 KiB 8 modules
    modules by path ./src/components/*.jsx 2.03 KiB
      ./src/components/ProtectedRoute.jsx 1.25 KiB [built]
      ./src/components/Navbar.jsx 794 bytes [built]
    ./src/index.js 665 bytes [built]
    ./src/App.jsx 3.54 KiB [built]
    ./src/supabase/supabaseClient.js 413 bytes [built]
  modules by path ./.ve/ 12.2 KiB
    ./.ve/EditorRootWrapper.js 2.68 KiB [built]
    ./.ve/EditorOverlay.jsx 1.58 KiB [built]
    ./.ve/SidePanel.js 7.93 KiB [built]
webpack 5.99.9 compiled successfully in 297 ms
Injecting EditorRootWrapper import: ../.ve/EditorRootWrapper
assets by status 3.47 MiB [cached] 1 asset
asset index.html 1.98 KiB [emitted]
cached modules 3.05 MiB (javascript) 28.7 KiB (runtime) [cached] 174 modules
javascript modules 58.3 KiB
  modules by path ./src/ 46.1 KiB
    modules by path ./src/pages/*.jsx 39.5 KiB 8 modules
    modules by path ./src/components/*.jsx 2.03 KiB
      ./src/components/ProtectedRoute.jsx 1.25 KiB [built]
      ./src/components/Navbar.jsx 794 bytes [built]
    ./src/index.js 665 bytes [built]
    ./src/App.jsx 3.54 KiB [built]
    ./src/supabase/supabaseClient.js 413 bytes [built]
  modules by path ./.ve/ 12.2 KiB
    ./.ve/EditorRootWrapper.js 2.68 KiB [built]
    ./.ve/EditorOverlay.jsx 1.58 KiB [built]
    ./.ve/SidePanel.js 7.93 KiB [built]
webpack 5.99.9 compiled successfully in 208 ms
assets by path *.js 3.49 MiB
  asset bundle.js 3.42 MiB [emitted] (name: main)
  asset main.2d4abf6ae1078702dcf0.hot-update.js 64.5 KiB [emitted] [immutable] [hmr] (name: main)
asset index.html 1.98 KiB [emitted]
asset main.2d4abf6ae1078702dcf0.hot-update.json 696 bytes [emitted] [immutable] [hmr]
Entrypoint main 3.49 MiB = bundle.js 3.42 MiB main.2d4abf6ae1078702dcf0.hot-update.js 64.5 KiB
cached modules 3.04 MiB [cached] 149 modules
runtime modules 28.6 KiB 14 modules
javascript modules 36.2 KiB
  modules by path ./src/pages/*.jsx 31.2 KiB
    ./src/pages/HomePage.jsx 2.29 KiB [built] [code generated]
    ./src/pages/SignupCitizenPage.jsx 1.56 KiB [built] [code generated]
    ./src/pages/LoginCitizenPage.jsx 2.73 KiB [built] [code generated]
    ./src/pages/SignupAuthorityPage.jsx 1.65 KiB [built] [code generated]
    + 4 modules
  modules by path ./src/components/*.jsx 1.8 KiB
    ./src/components/ProtectedRoute.jsx 1.19 KiB [built] [code generated]
    ./src/components/Navbar.jsx 622 bytes [built] [code generated]
  ./src/index.js 406 bytes [built] [code generated]
  ./src/App.jsx 2.41 KiB [built] [code generated]
  ./src/supabase/supabaseClient.js 413 bytes [built]
webpack 5.99.9 compiled successfully in 273 ms
assets by status 1.98 KiB [cached] 1 asset
assets by path *.js 1.45 MiB
  asset bundle.js 1.39 MiB [emitted] (name: main)
  asset main.9928f4f2ed8dfa718943.hot-update.js 54.1 KiB [emitted] [immutable] [hmr] (name: main)
asset main.9928f4f2ed8dfa718943.hot-update.json 6.72 KiB [emitted] [immutable] [hmr]
Entrypoint main 1.45 MiB = bundle.js 1.39 MiB main.9928f4f2ed8dfa718943.hot-update.js 54.1 KiB
cached modules 1.23 MiB [cached] 23 modules
runtime modules 27.5 KiB 13 modules
javascript modules 36.4 KiB
  modules by path ./src/ 36.2 KiB
    modules by path ./src/pages/*.jsx 31.2 KiB 8 modules
    modules by path ./src/components/*.jsx 1.8 KiB 2 modules
    ./src/index.js 406 bytes [code generated]
    ./src/App.jsx 2.41 KiB [code generated]
    ./src/supabase/supabaseClient.js 413 bytes [code generated]
  modules with errors 156 bytes [true errors]
    ../node_modules/react-router-dom/dist/index.js 39 bytes [built] [code generated] [1 error]
    ../node_modules/axios/index.js 39 bytes [built] [code generated] [1 error]
    ../node_modules/emailjs-com/es/index.js 39 bytes [built] [code generated] [1 error]
    ../node_modules/@supabase/supabase-js/dist/module/index.js 39 bytes [built] [code generated] [1 error]

ERROR in ../node_modules/@supabase/supabase-js/dist/module/index.js
Module build failed: Error: ENOENT: no such file or directory, open '/home/kavia/workspace/code-generation/cityresolve-smart-complaint-management-platform-943-d65af04c/node_modules/@supabase/supabase-js/dist/module/index.js'
 @ ./src/supabase/supabaseClient.js 1:0-53 4:24-36
 @ ./src/pages/SignupCitizenPage.jsx 2:0-54 16:14-34
 @ ./src/App.jsx 3:0-58 25:35-52
 @ ./src/index.js 3:0-24 9:32-35

ERROR in ../node_modules/emailjs-com/es/index.js
Module build failed: Error: ENOENT: no such file or directory, open '/home/kavia/workspace/code-generation/cityresolve-smart-complaint-management-platform-943-d65af04c/node_modules/emailjs-com/es/index.js'
 @ ./src/pages/IssueFormPage.jsx 4:0-34 207:16-28
 @ ./src/App.jsx 7:0-50 39:38-51
 @ ./src/index.js 3:0-24 9:32-35

ERROR in ../node_modules/react-router-dom/dist/index.js
Module build failed: Error: ENOENT: no such file or directory, open '/home/kavia/workspace/code-generation/cityresolve-smart-complaint-management-platform-943-d65af04c/node_modules/react-router-dom/dist/index.js'
 @ ./src/index.js 4:0-49 8:30-43

ERROR in ../node_modules/axios/index.js
Module build failed: Error: ENOENT: no such file or directory, open '/home/kavia/workspace/code-generation/cityresolve-smart-complaint-management-platform-943-d65af04c/node_modules/axios/index.js'
 @ ./src/pages/IssueFormPage.jsx 3:0-26 14:20-30 33:20-30 60:20-30
 @ ./src/App.jsx 7:0-50 39:38-51
 @ ./src/index.js 3:0-24 9:32-35

webpack 5.99.9 compiled with 4 errors in 49 ms
assets by status 1.98 KiB [cached] 1 asset
assets by path *.js 1.71 MiB
  asset bundle.js 1.55 MiB [emitted] (name: main)
  asset main.dd19d3b22fba763d2cf0.hot-update.js 164 KiB [emitted] [immutable] [hmr] (name: main)
asset main.dd19d3b22fba763d2cf0.hot-update.json 28 bytes [emitted] [immutable] [hmr]
Entrypoint main 1.71 MiB = bundle.js 1.55 MiB main.dd19d3b22fba763d2cf0.hot-update.js 164 KiB
cached modules 1.24 MiB [cached] 25 modules
runtime modules 28.6 KiB 14 modules
javascript modules 166 KiB
  code generated modules 80.3 KiB [code generated]
    modules by path ./src/ 23.6 KiB 11 modules
    built modules 56.7 KiB [built]
      ../node_modules/react-router-dom/dist/index.js 55.4 KiB [built] [code generated]
      ../node_modules/react-dom/index.js 1.33 KiB [built] [code generated]
  modules with errors 117 bytes [true errors]
    ../node_modules/axios/index.js 39 bytes [built] [1 error]
    ../node_modules/emailjs-com/es/index.js 39 bytes [built] [1 error]
    ../node_modules/@supabase/supabase-js/dist/module/index.js 39 bytes [built] [1 error]
  modules by path ../node_modules/react/ 85.7 KiB
    ../node_modules/react/index.js 190 bytes [built]
    ../node_modules/react/cjs/react.development.js 85.5 KiB [built]

WARNING in ./src/App.jsx 15:19-30
export 'useLocation' (imported as 'useLocation') was not found in 'react-router-dom' (possible exports: BrowserRouter, Form, HashRouter, Link, NavLink, RouterProvider, ScrollRestoration, UNSAFE_FetchersContext, UNSAFE_ViewTransitionContext, UNSAFE_useScrollRestoration, createBrowserRouter, createHashRouter, createSearchParams, unstable_HistoryRouter, unstable_usePrompt, useBeforeUnload, useFetcher, useFetchers, useFormAction, useLinkClickHandler, useSearchParams, useSubmit, useViewTransitionState)
 @ ./src/index.js 3:0-24 9:32-35

WARNING in ./src/App.jsx 19:80-86
export 'Routes' (imported as 'Routes') was not found in 'react-router-dom' (possible exports: BrowserRouter, Form, HashRouter, Link, NavLink, RouterProvider, ScrollRestoration, UNSAFE_FetchersContext, UNSAFE_ViewTransitionContext, UNSAFE_useScrollRestoration, createBrowserRouter, createHashRouter, createSearchParams, unstable_HistoryRouter, unstable_usePrompt, useBeforeUnload, useFetcher, useFetchers, useFormAction, useLinkClickHandler, useSearchParams, useSubmit, useViewTransitionState)
 @ ./src/index.js 3:0-24 9:32-35

WARNING in ./src/App.jsx 20:35-40
export 'Route' (imported as 'Route') was not found in 'react-router-dom' (possible exports: BrowserRouter, Form, HashRouter, Link, NavLink, RouterProvider, ScrollRestoration, UNSAFE_FetchersContext, UNSAFE_ViewTransitionContext, UNSAFE_useScrollRestoration, createBrowserRouter, createHashRouter, createSearchParams, unstable_HistoryRouter, unstable_usePrompt, useBeforeUnload, useFetcher, useFetchers, useFormAction, useLinkClickHandler, useSearchParams, useSubmit, useViewTransitionState)
 @ ./src/index.js 3:0-24 9:32-35

WARNING in ./src/App.jsx 23:28-33
export 'Route' (imported as 'Route') was not found in 'react-router-dom' (possible exports: BrowserRouter, Form, HashRouter, Link, NavLink, RouterProvider, ScrollRestoration, UNSAFE_FetchersContext, UNSAFE_ViewTransitionContext, UNSAFE_useScrollRestoration, createBrowserRouter, createHashRouter, createSearchParams, unstable_HistoryRouter, unstable_usePrompt, useBeforeUnload, useFetcher, useFetchers, useFormAction, useLinkClickHandler, useSearchParams, useSubmit, useViewTransitionState)
 @ ./src/index.js 3:0-24 9:32-35

WARNING in ./src/App.jsx 26:28-33
export 'Route' (imported as 'Route') was not found in 'react-router-dom' (possible exports: BrowserRouter, Form, HashRouter, Link, NavLink, RouterProvider, ScrollRestoration, UNSAFE_FetchersContext, UNSAFE_ViewTransitionContext, UNSAFE_useScrollRestoration, createBrowserRouter, createHashRouter, createSearchParams, unstable_HistoryRouter, unstable_usePrompt, useBeforeUnload, useFetcher, useFetchers, useFormAction, useLinkClickHandler, useSearchParams, useSubmit, useViewTransitionState)
 @ ./src/index.js 3:0-24 9:32-35

WARNING in ./src/App.jsx 29:28-33
export 'Route' (imported as 'Route') was not found in 'react-router-dom' (possible exports: BrowserRouter, Form, HashRouter, Link, NavLink, RouterProvider, ScrollRestoration, UNSAFE_FetchersContext, UNSAFE_ViewTransitionContext, UNSAFE_useScrollRestoration, createBrowserRouter, createHashRouter, createSearchParams, unstable_HistoryRouter, unstable_usePrompt, useBeforeUnload, useFetcher, useFetchers, useFormAction, useLinkClickHandler, useSearchParams, useSubmit, useViewTransitionState)
 @ ./src/index.js 3:0-24 9:32-35

WARNING in ./src/App.jsx 32:28-33
export 'Route' (imported as 'Route') was not found in 'react-router-dom' (possible exports: BrowserRouter, Form, HashRouter, Link, NavLink, RouterProvider, ScrollRestoration, UNSAFE_FetchersContext, UNSAFE_ViewTransitionContext, UNSAFE_useScrollRestoration, createBrowserRouter, createHashRouter, createSearchParams, unstable_HistoryRouter, unstable_usePrompt, useBeforeUnload, useFetcher, useFetchers, useFormAction, useLinkClickHandler, useSearchParams, useSubmit, useViewTransitionState)
 @ ./src/index.js 3:0-24 9:32-35

WARNING in ./src/App.jsx 35:28-33
export 'Route' (imported as 'Route') was not found in 'react-router-dom' (possible exports: BrowserRouter, Form, HashRouter, Link, NavLink, RouterProvider, ScrollRestoration, UNSAFE_FetchersContext, UNSAFE_ViewTransitionContext, UNSAFE_useScrollRestoration, createBrowserRouter, createHashRouter, createSearchParams, unstable_HistoryRouter, unstable_usePrompt, useBeforeUnload, useFetcher, useFetchers, useFormAction, useLinkClickHandler, useSearchParams, useSubmit, useViewTransitionState)
 @ ./src/index.js 3:0-24 9:32-35

WARNING in ./src/App.jsx 41:28-33
export 'Route' (imported as 'Route') was not found in 'react-router-dom' (possible exports: BrowserRouter, Form, HashRouter, Link, NavLink, RouterProvider, ScrollRestoration, UNSAFE_FetchersContext, UNSAFE_ViewTransitionContext, UNSAFE_useScrollRestoration, createBrowserRouter, createHashRouter, createSearchParams, unstable_HistoryRouter, unstable_usePrompt, useBeforeUnload, useFetcher, useFetchers, useFormAction, useLinkClickHandler, useSearchParams, useSubmit, useViewTransitionState)
 @ ./src/index.js 3:0-24 9:32-35

WARNING in ./src/App.jsx 47:28-33
export 'Route' (imported as 'Route') was not found in 'react-router-dom' (possible exports: BrowserRouter, Form, HashRouter, Link, NavLink, RouterProvider, ScrollRestoration, UNSAFE_FetchersContext, UNSAFE_ViewTransitionContext, UNSAFE_useScrollRestoration, createBrowserRouter, createHashRouter, createSearchParams, unstable_HistoryRouter, unstable_usePrompt, useBeforeUnload, useFetcher, useFetchers, useFormAction, useLinkClickHandler, useSearchParams, useSubmit, useViewTransitionState)
 @ ./src/index.js 3:0-24 9:32-35

WARNING in ./src/components/ProtectedRoute.jsx 11:19-30
export 'useNavigate' (imported as 'useNavigate') was not found in 'react-router-dom' (possible exports: BrowserRouter, Form, HashRouter, Link, NavLink, RouterProvider, ScrollRestoration, UNSAFE_FetchersContext, UNSAFE_ViewTransitionContext, UNSAFE_useScrollRestoration, createBrowserRouter, createHashRouter, createSearchParams, unstable_HistoryRouter, unstable_usePrompt, useBeforeUnload, useFetcher, useFetchers, useFormAction, useLinkClickHandler, useSearchParams, useSubmit, useViewTransitionState)
 @ ./src/App.jsx 9:0-57 37:35-49 43:35-49 49:35-49
 @ ./src/index.js 3:0-24 9:32-35

WARNING in ./src/pages/IssueDetailPage.jsx 9:6-15
export 'useParams' (imported as 'useParams') was not found in 'react-router-dom' (possible exports: BrowserRouter, Form, HashRouter, Link, NavLink, RouterProvider, ScrollRestoration, UNSAFE_FetchersContext, UNSAFE_ViewTransitionContext, UNSAFE_useScrollRestoration, createBrowserRouter, createHashRouter, createSearchParams, unstable_HistoryRouter, unstable_usePrompt, useBeforeUnload, useFetcher, useFetchers, useFormAction, useLinkClickHandler, useSearchParams, useSubmit, useViewTransitionState)
 @ ./src/App.jsx 11:0-54 51:38-53
 @ ./src/index.js 3:0-24 9:32-35

WARNING in ./src/pages/LoginAuthorityPage.jsx 9:19-30
export 'useNavigate' (imported as 'useNavigate') was not found in 'react-router-dom' (possible exports: BrowserRouter, Form, HashRouter, Link, NavLink, RouterProvider, ScrollRestoration, UNSAFE_FetchersContext, UNSAFE_ViewTransitionContext, UNSAFE_useScrollRestoration, createBrowserRouter, createHashRouter, createSearchParams, unstable_HistoryRouter, unstable_usePrompt, useBeforeUnload, useFetcher, useFetchers, useFormAction, useLinkClickHandler, useSearchParams, useSubmit, useViewTransitionState)
 @ ./src/App.jsx 6:0-60 34:35-53
 @ ./src/index.js 3:0-24 9:32-35

WARNING in ./src/pages/LoginCitizenPage.jsx 8:19-30
export 'useNavigate' (imported as 'useNavigate') was not found in 'react-router-dom' (possible exports: BrowserRouter, Form, HashRouter, Link, NavLink, RouterProvider, ScrollRestoration, UNSAFE_FetchersContext, UNSAFE_ViewTransitionContext, UNSAFE_useScrollRestoration, createBrowserRouter, createHashRouter, createSearchParams, unstable_HistoryRouter, unstable_usePrompt, useBeforeUnload, useFetcher, useFetchers, useFormAction, useLinkClickHandler, useSearchParams, useSubmit, useViewTransitionState)
 @ ./src/App.jsx 4:0-56 28:35-51
 @ ./src/index.js 3:0-24 9:32-35

WARNING in ./src/pages/SignupAuthorityPage.jsx 8:19-30
export 'useNavigate' (imported as 'useNavigate') was not found in 'react-router-dom' (possible exports: BrowserRouter, Form, HashRouter, Link, NavLink, RouterProvider, ScrollRestoration, UNSAFE_FetchersContext, UNSAFE_ViewTransitionContext, UNSAFE_useScrollRestoration, createBrowserRouter, createHashRouter, createSearchParams, unstable_HistoryRouter, unstable_usePrompt, useBeforeUnload, useFetcher, useFetchers, useFormAction, useLinkClickHandler, useSearchParams, useSubmit, useViewTransitionState)
 @ ./src/App.jsx 5:0-62 31:35-54
 @ ./src/index.js 3:0-24 9:32-35

WARNING in ./src/pages/SignupCitizenPage.jsx 8:19-30
export 'useNavigate' (imported as 'useNavigate') was not found in 'react-router-dom' (possible exports: BrowserRouter, Form, HashRouter, Link, NavLink, RouterProvider, ScrollRestoration, UNSAFE_FetchersContext, UNSAFE_ViewTransitionContext, UNSAFE_useScrollRestoration, createBrowserRouter, createHashRouter, createSearchParams, unstable_HistoryRouter, unstable_usePrompt, useBeforeUnload, useFetcher, useFetchers, useFormAction, useLinkClickHandler, useSearchParams, useSubmit, useViewTransitionState)
 @ ./src/App.jsx 3:0-58 25:35-52
 @ ./src/index.js 3:0-24 9:32-35

ERROR in ../node_modules/@supabase/supabase-js/dist/module/index.js
Module build failed: Error: ENOENT: no such file or directory, open '/home/kavia/workspace/code-generation/cityresolve-smart-complaint-management-platform-943-d65af04c/node_modules/@supabase/supabase-js/dist/module/index.js'
 @ ./src/supabase/supabaseClient.js 1:0-53 4:24-36
 @ ./src/pages/SignupCitizenPage.jsx 2:0-54 16:14-34
 @ ./src/App.jsx 3:0-58 25:35-52
 @ ./src/index.js 3:0-24 9:32-35

ERROR in ../node_modules/emailjs-com/es/index.js
Module build failed: Error: ENOENT: no such file or directory, open '/home/kavia/workspace/code-generation/cityresolve-smart-complaint-management-platform-943-d65af04c/node_modules/emailjs-com/es/index.js'
 @ ./src/pages/IssueFormPage.jsx 4:0-34 207:16-28
 @ ./src/App.jsx 7:0-50 39:38-51
 @ ./src/index.js 3:0-24 9:32-35

ERROR in ../node_modules/react-dom/index.js 37:2-60
Module not found: Error: Can't resolve './cjs/react-dom.development.js' in '/home/kavia/workspace/code-generation/cityresolve-smart-complaint-management-platform-943-d65af04c/node_modules/react-dom'
 @ ../node_modules/react-router-dom/dist/index.js 12:0-38 350:22-30
 @ ./src/index.js 4:0-49 8:30-43

ERROR in ../node_modules/react-router-dom/dist/index.js 13:0-346
Module not found: Error: Can't resolve 'react-router' in '/home/kavia/workspace/code-generation/cityresolve-smart-complaint-management-platform-943-d65af04c/node_modules/react-router-dom/dist'
 @ ./src/index.js 4:0-49 8:30-43

ERROR in ../node_modules/react-router-dom/dist/index.js 15:0-201
Module not found: Error: Can't resolve '@remix-run/router' in '/home/kavia/workspace/code-generation/cityresolve-smart-complaint-management-platform-943-d65af04c/node_modules/react-router-dom/dist'
 @ ./src/index.js 4:0-49 8:30-43

ERROR in ../node_modules/axios/index.js
Module build failed: Error: ENOENT: no such file or directory, open '/home/kavia/workspace/code-generation/cityresolve-smart-complaint-management-platform-943-d65af04c/node_modules/axios/index.js'
 @ ./src/pages/IssueFormPage.jsx 3:0-26 14:20-30 33:20-30 60:20-30
 @ ./src/App.jsx 7:0-50 39:38-51
 @ ./src/index.js 3:0-24 9:32-35

3 errors have detailed information that is not shown.
Use 'stats.errorDetails: true' resp. '--stats-error-details' to show it.

webpack 5.99.9 compiled with 6 errors and 16 warnings in 181 ms
assets by status 1.98 KiB [cached] 1 asset
assets by path *.js 5.39 MiB
  asset bundle.js 3.42 MiB [emitted] (name: main)
  asset main.bdfd66c00e44937ab827.hot-update.js 1.97 MiB [emitted] [immutable] [hmr] (name: main)
asset main.bdfd66c00e44937ab827.hot-update.json 60 bytes [emitted] [immutable] [hmr]
Entrypoint main 5.39 MiB = bundle.js 3.42 MiB main.bdfd66c00e44937ab827.hot-update.js 1.97 MiB
cached modules 1.25 MiB [cached] 34 modules
runtime modules 28.6 KiB 14 modules
orphan modules 1.06 KiB [orphan] 4 modules
built modules 1.75 MiB [built]
  modules by path ../node_modules/@supabase/ 324 KiB 55 modules
  modules by path ../node_modules/axios/lib/ 100 KiB 49 modules
  modules by path ../node_modules/emailjs-com/es/ 4.37 KiB 8 modules
  modules by path ../node_modules/scheduler/ 17.3 KiB 2 modules
  + 5 modules
modules by path ./src/ 18.6 KiB
  ./src/pages/IssueFormPage.jsx 12.3 KiB [code generated]
  ./src/pages/IssueDetailPage.jsx 5.96 KiB [code generated]
  ./src/supabase/supabaseClient.js 413 bytes [code generated]
../node_modules/react-router-dom/dist/index.js 55.4 KiB [code generated]
../node_modules/react-dom/index.js 1.33 KiB [code generated]

WARNING in ./src/App.jsx 15:19-30
export 'useLocation' (imported as 'useLocation') was not found in 'react-router-dom' (possible exports: BrowserRouter, Form, HashRouter, Link, NavLink, RouterProvider, ScrollRestoration, UNSAFE_FetchersContext, UNSAFE_ViewTransitionContext, UNSAFE_useScrollRestoration, createBrowserRouter, createHashRouter, createSearchParams, unstable_HistoryRouter, unstable_usePrompt, useBeforeUnload, useFetcher, useFetchers, useFormAction, useLinkClickHandler, useSearchParams, useSubmit, useViewTransitionState)
 @ ./src/index.js 3:0-24 9:32-35

WARNING in ./src/App.jsx 19:80-86
export 'Routes' (imported as 'Routes') was not found in 'react-router-dom' (possible exports: BrowserRouter, Form, HashRouter, Link, NavLink, RouterProvider, ScrollRestoration, UNSAFE_FetchersContext, UNSAFE_ViewTransitionContext, UNSAFE_useScrollRestoration, createBrowserRouter, createHashRouter, createSearchParams, unstable_HistoryRouter, unstable_usePrompt, useBeforeUnload, useFetcher, useFetchers, useFormAction, useLinkClickHandler, useSearchParams, useSubmit, useViewTransitionState)
 @ ./src/index.js 3:0-24 9:32-35

WARNING in ./src/App.jsx 20:35-40
export 'Route' (imported as 'Route') was not found in 'react-router-dom' (possible exports: BrowserRouter, Form, HashRouter, Link, NavLink, RouterProvider, ScrollRestoration, UNSAFE_FetchersContext, UNSAFE_ViewTransitionContext, UNSAFE_useScrollRestoration, createBrowserRouter, createHashRouter, createSearchParams, unstable_HistoryRouter, unstable_usePrompt, useBeforeUnload, useFetcher, useFetchers, useFormAction, useLinkClickHandler, useSearchParams, useSubmit, useViewTransitionState)
 @ ./src/index.js 3:0-24 9:32-35

WARNING in ./src/App.jsx 23:28-33
export 'Route' (imported as 'Route') was not found in 'react-router-dom' (possible exports: BrowserRouter, Form, HashRouter, Link, NavLink, RouterProvider, ScrollRestoration, UNSAFE_FetchersContext, UNSAFE_ViewTransitionContext, UNSAFE_useScrollRestoration, createBrowserRouter, createHashRouter, createSearchParams, unstable_HistoryRouter, unstable_usePrompt, useBeforeUnload, useFetcher, useFetchers, useFormAction, useLinkClickHandler, useSearchParams, useSubmit, useViewTransitionState)
 @ ./src/index.js 3:0-24 9:32-35

WARNING in ./src/App.jsx 26:28-33
export 'Route' (imported as 'Route') was not found in 'react-router-dom' (possible exports: BrowserRouter, Form, HashRouter, Link, NavLink, RouterProvider, ScrollRestoration, UNSAFE_FetchersContext, UNSAFE_ViewTransitionContext, UNSAFE_useScrollRestoration, createBrowserRouter, createHashRouter, createSearchParams, unstable_HistoryRouter, unstable_usePrompt, useBeforeUnload, useFetcher, useFetchers, useFormAction, useLinkClickHandler, useSearchParams, useSubmit, useViewTransitionState)
 @ ./src/index.js 3:0-24 9:32-35

WARNING in ./src/App.jsx 29:28-33
export 'Route' (imported as 'Route') was not found in 'react-router-dom' (possible exports: BrowserRouter, Form, HashRouter, Link, NavLink, RouterProvider, ScrollRestoration, UNSAFE_FetchersContext, UNSAFE_ViewTransitionContext, UNSAFE_useScrollRestoration, createBrowserRouter, createHashRouter, createSearchParams, unstable_HistoryRouter, unstable_usePrompt, useBeforeUnload, useFetcher, useFetchers, useFormAction, useLinkClickHandler, useSearchParams, useSubmit, useViewTransitionState)
 @ ./src/index.js 3:0-24 9:32-35

WARNING in ./src/App.jsx 32:28-33
export 'Route' (imported as 'Route') was not found in 'react-router-dom' (possible exports: BrowserRouter, Form, HashRouter, Link, NavLink, RouterProvider, ScrollRestoration, UNSAFE_FetchersContext, UNSAFE_ViewTransitionContext, UNSAFE_useScrollRestoration, createBrowserRouter, createHashRouter, createSearchParams, unstable_HistoryRouter, unstable_usePrompt, useBeforeUnload, useFetcher, useFetchers, useFormAction, useLinkClickHandler, useSearchParams, useSubmit, useViewTransitionState)
 @ ./src/index.js 3:0-24 9:32-35

WARNING in ./src/App.jsx 35:28-33
export 'Route' (imported as 'Route') was not found in 'react-router-dom' (possible exports: BrowserRouter, Form, HashRouter, Link, NavLink, RouterProvider, ScrollRestoration, UNSAFE_FetchersContext, UNSAFE_ViewTransitionContext, UNSAFE_useScrollRestoration, createBrowserRouter, createHashRouter, createSearchParams, unstable_HistoryRouter, unstable_usePrompt, useBeforeUnload, useFetcher, useFetchers, useFormAction, useLinkClickHandler, useSearchParams, useSubmit, useViewTransitionState)
 @ ./src/index.js 3:0-24 9:32-35

WARNING in ./src/App.jsx 41:28-33
export 'Route' (imported as 'Route') was not found in 'react-router-dom' (possible exports: BrowserRouter, Form, HashRouter, Link, NavLink, RouterProvider, ScrollRestoration, UNSAFE_FetchersContext, UNSAFE_ViewTransitionContext, UNSAFE_useScrollRestoration, createBrowserRouter, createHashRouter, createSearchParams, unstable_HistoryRouter, unstable_usePrompt, useBeforeUnload, useFetcher, useFetchers, useFormAction, useLinkClickHandler, useSearchParams, useSubmit, useViewTransitionState)
 @ ./src/index.js 3:0-24 9:32-35

WARNING in ./src/App.jsx 47:28-33
export 'Route' (imported as 'Route') was not found in 'react-router-dom' (possible exports: BrowserRouter, Form, HashRouter, Link, NavLink, RouterProvider, ScrollRestoration, UNSAFE_FetchersContext, UNSAFE_ViewTransitionContext, UNSAFE_useScrollRestoration, createBrowserRouter, createHashRouter, createSearchParams, unstable_HistoryRouter, unstable_usePrompt, useBeforeUnload, useFetcher, useFetchers, useFormAction, useLinkClickHandler, useSearchParams, useSubmit, useViewTransitionState)
 @ ./src/index.js 3:0-24 9:32-35

WARNING in ./src/components/ProtectedRoute.jsx 11:19-30
export 'useNavigate' (imported as 'useNavigate') was not found in 'react-router-dom' (possible exports: BrowserRouter, Form, HashRouter, Link, NavLink, RouterProvider, ScrollRestoration, UNSAFE_FetchersContext, UNSAFE_ViewTransitionContext, UNSAFE_useScrollRestoration, createBrowserRouter, createHashRouter, createSearchParams, unstable_HistoryRouter, unstable_usePrompt, useBeforeUnload, useFetcher, useFetchers, useFormAction, useLinkClickHandler, useSearchParams, useSubmit, useViewTransitionState)
 @ ./src/App.jsx 9:0-57 37:35-49 43:35-49 49:35-49
 @ ./src/index.js 3:0-24 9:32-35

WARNING in ./src/pages/IssueDetailPage.jsx 9:6-15
export 'useParams' (imported as 'useParams') was not found in 'react-router-dom' (possible exports: BrowserRouter, Form, HashRouter, Link, NavLink, RouterProvider, ScrollRestoration, UNSAFE_FetchersContext, UNSAFE_ViewTransitionContext, UNSAFE_useScrollRestoration, createBrowserRouter, createHashRouter, createSearchParams, unstable_HistoryRouter, unstable_usePrompt, useBeforeUnload, useFetcher, useFetchers, useFormAction, useLinkClickHandler, useSearchParams, useSubmit, useViewTransitionState)
 @ ./src/App.jsx 11:0-54 51:38-53
 @ ./src/index.js 3:0-24 9:32-35

WARNING in ./src/pages/LoginAuthorityPage.jsx 9:19-30
export 'useNavigate' (imported as 'useNavigate') was not found in 'react-router-dom' (possible exports: BrowserRouter, Form, HashRouter, Link, NavLink, RouterProvider, ScrollRestoration, UNSAFE_FetchersContext, UNSAFE_ViewTransitionContext, UNSAFE_useScrollRestoration, createBrowserRouter, createHashRouter, createSearchParams, unstable_HistoryRouter, unstable_usePrompt, useBeforeUnload, useFetcher, useFetchers, useFormAction, useLinkClickHandler, useSearchParams, useSubmit, useViewTransitionState)
 @ ./src/App.jsx 6:0-60 34:35-53
 @ ./src/index.js 3:0-24 9:32-35

WARNING in ./src/pages/LoginCitizenPage.jsx 8:19-30
export 'useNavigate' (imported as 'useNavigate') was not found in 'react-router-dom' (possible exports: BrowserRouter, Form, HashRouter, Link, NavLink, RouterProvider, ScrollRestoration, UNSAFE_FetchersContext, UNSAFE_ViewTransitionContext, UNSAFE_useScrollRestoration, createBrowserRouter, createHashRouter, createSearchParams, unstable_HistoryRouter, unstable_usePrompt, useBeforeUnload, useFetcher, useFetchers, useFormAction, useLinkClickHandler, useSearchParams, useSubmit, useViewTransitionState)
 @ ./src/App.jsx 4:0-56 28:35-51
 @ ./src/index.js 3:0-24 9:32-35

WARNING in ./src/pages/SignupAuthorityPage.jsx 8:19-30
export 'useNavigate' (imported as 'useNavigate') was not found in 'react-router-dom' (possible exports: BrowserRouter, Form, HashRouter, Link, NavLink, RouterProvider, ScrollRestoration, UNSAFE_FetchersContext, UNSAFE_ViewTransitionContext, UNSAFE_useScrollRestoration, createBrowserRouter, createHashRouter, createSearchParams, unstable_HistoryRouter, unstable_usePrompt, useBeforeUnload, useFetcher, useFetchers, useFormAction, useLinkClickHandler, useSearchParams, useSubmit, useViewTransitionState)
 @ ./src/App.jsx 5:0-62 31:35-54
 @ ./src/index.js 3:0-24 9:32-35

WARNING in ./src/pages/SignupCitizenPage.jsx 8:19-30
export 'useNavigate' (imported as 'useNavigate') was not found in 'react-router-dom' (possible exports: BrowserRouter, Form, HashRouter, Link, NavLink, RouterProvider, ScrollRestoration, UNSAFE_FetchersContext, UNSAFE_ViewTransitionContext, UNSAFE_useScrollRestoration, createBrowserRouter, createHashRouter, createSearchParams, unstable_HistoryRouter, unstable_usePrompt, useBeforeUnload, useFetcher, useFetchers, useFormAction, useLinkClickHandler, useSearchParams, useSubmit, useViewTransitionState)
 @ ./src/App.jsx 3:0-58 25:35-52
 @ ./src/index.js 3:0-24 9:32-35

webpack 5.99.9 compiled with 16 warnings in 521 ms
assets by status 1.98 KiB [cached] 1 asset
assets by path *.js 3.43 MiB
  asset bundle.js 3.42 MiB [emitted] (name: main)
  asset main.1a9395b019a67dad47b7.hot-update.js 7.02 KiB [emitted] [immutable] [hmr] (name: main)
asset main.1a9395b019a67dad47b7.hot-update.json 28 bytes [emitted] [immutable] [hmr]
Entrypoint main 3.43 MiB = bundle.js 3.42 MiB main.1a9395b019a67dad47b7.hot-update.js 7.02 KiB
cached modules 3.07 MiB [cached] 161 modules
runtime modules 28.6 KiB 14 modules
./src/App.jsx 2.42 KiB [built] [code generated]

WARNING in ./src/components/ProtectedRoute.jsx 11:19-30
export 'useNavigate' (imported as 'useNavigate') was not found in 'react-router-dom' (possible exports: BrowserRouter, Form, HashRouter, Link, NavLink, RouterProvider, ScrollRestoration, UNSAFE_FetchersContext, UNSAFE_ViewTransitionContext, UNSAFE_useScrollRestoration, createBrowserRouter, createHashRouter, createSearchParams, unstable_HistoryRouter, unstable_usePrompt, useBeforeUnload, useFetcher, useFetchers, useFormAction, useLinkClickHandler, useSearchParams, useSubmit, useViewTransitionState)
 @ ./src/App.jsx 9:0-57 37:35-49 43:35-49 49:35-49
 @ ./src/index.js 3:0-24 9:32-35

WARNING in ./src/pages/IssueDetailPage.jsx 9:6-15
export 'useParams' (imported as 'useParams') was not found in 'react-router-dom' (possible exports: BrowserRouter, Form, HashRouter, Link, NavLink, RouterProvider, ScrollRestoration, UNSAFE_FetchersContext, UNSAFE_ViewTransitionContext, UNSAFE_useScrollRestoration, createBrowserRouter, createHashRouter, createSearchParams, unstable_HistoryRouter, unstable_usePrompt, useBeforeUnload, useFetcher, useFetchers, useFormAction, useLinkClickHandler, useSearchParams, useSubmit, useViewTransitionState)
 @ ./src/App.jsx 11:0-54 51:38-53
 @ ./src/index.js 3:0-24 9:32-35

WARNING in ./src/pages/LoginAuthorityPage.jsx 9:19-30
export 'useNavigate' (imported as 'useNavigate') was not found in 'react-router-dom' (possible exports: BrowserRouter, Form, HashRouter, Link, NavLink, RouterProvider, ScrollRestoration, UNSAFE_FetchersContext, UNSAFE_ViewTransitionContext, UNSAFE_useScrollRestoration, createBrowserRouter, createHashRouter, createSearchParams, unstable_HistoryRouter, unstable_usePrompt, useBeforeUnload, useFetcher, useFetchers, useFormAction, useLinkClickHandler, useSearchParams, useSubmit, useViewTransitionState)
 @ ./src/App.jsx 6:0-60 34:35-53
 @ ./src/index.js 3:0-24 9:32-35

WARNING in ./src/pages/LoginCitizenPage.jsx 8:19-30
export 'useNavigate' (imported as 'useNavigate') was not found in 'react-router-dom' (possible exports: BrowserRouter, Form, HashRouter, Link, NavLink, RouterProvider, ScrollRestoration, UNSAFE_FetchersContext, UNSAFE_ViewTransitionContext, UNSAFE_useScrollRestoration, createBrowserRouter, createHashRouter, createSearchParams, unstable_HistoryRouter, unstable_usePrompt, useBeforeUnload, useFetcher, useFetchers, useFormAction, useLinkClickHandler, useSearchParams, useSubmit, useViewTransitionState)
 @ ./src/App.jsx 4:0-56 28:35-51
 @ ./src/index.js 3:0-24 9:32-35

WARNING in ./src/pages/SignupAuthorityPage.jsx 8:19-30
export 'useNavigate' (imported as 'useNavigate') was not found in 'react-router-dom' (possible exports: BrowserRouter, Form, HashRouter, Link, NavLink, RouterProvider, ScrollRestoration, UNSAFE_FetchersContext, UNSAFE_ViewTransitionContext, UNSAFE_useScrollRestoration, createBrowserRouter, createHashRouter, createSearchParams, unstable_HistoryRouter, unstable_usePrompt, useBeforeUnload, useFetcher, useFetchers, useFormAction, useLinkClickHandler, useSearchParams, useSubmit, useViewTransitionState)
 @ ./src/App.jsx 5:0-62 31:35-54
 @ ./src/index.js 3:0-24 9:32-35

WARNING in ./src/pages/SignupCitizenPage.jsx 8:19-30
export 'useNavigate' (imported as 'useNavigate') was not found in 'react-router-dom' (possible exports: BrowserRouter, Form, HashRouter, Link, NavLink, RouterProvider, ScrollRestoration, UNSAFE_FetchersContext, UNSAFE_ViewTransitionContext, UNSAFE_useScrollRestoration, createBrowserRouter, createHashRouter, createSearchParams, unstable_HistoryRouter, unstable_usePrompt, useBeforeUnload, useFetcher, useFetchers, useFormAction, useLinkClickHandler, useSearchParams, useSubmit, useViewTransitionState)
 @ ./src/App.jsx 3:0-58 25:35-52
 @ ./src/index.js 3:0-24 9:32-35

webpack 5.99.9 compiled with 6 warnings in 105 ms
assets by status 3.42 MiB [cached] 2 assets
cached modules 3.07 MiB (javascript) 28.6 KiB (runtime) [cached] 175 modules
./src/App.jsx 2.42 KiB [built]

WARNING in ./src/components/ProtectedRoute.jsx 11:19-30
export 'useNavigate' (imported as 'useNavigate') was not found in 'react-router-dom' (possible exports: BrowserRouter, Form, HashRouter, Link, NavLink, RouterProvider, ScrollRestoration, UNSAFE_FetchersContext, UNSAFE_ViewTransitionContext, UNSAFE_useScrollRestoration, createBrowserRouter, createHashRouter, createSearchParams, unstable_HistoryRouter, unstable_usePrompt, useBeforeUnload, useFetcher, useFetchers, useFormAction, useLinkClickHandler, useSearchParams, useSubmit, useViewTransitionState)
 @ ./src/App.jsx 9:0-57 37:35-49 43:35-49 49:35-49
 @ ./src/index.js 3:0-24 9:32-35

WARNING in ./src/pages/IssueDetailPage.jsx 9:6-15
export 'useParams' (imported as 'useParams') was not found in 'react-router-dom' (possible exports: BrowserRouter, Form, HashRouter, Link, NavLink, RouterProvider, ScrollRestoration, UNSAFE_FetchersContext, UNSAFE_ViewTransitionContext, UNSAFE_useScrollRestoration, createBrowserRouter, createHashRouter, createSearchParams, unstable_HistoryRouter, unstable_usePrompt, useBeforeUnload, useFetcher, useFetchers, useFormAction, useLinkClickHandler, useSearchParams, useSubmit, useViewTransitionState)
 @ ./src/App.jsx 11:0-54 51:38-53
 @ ./src/index.js 3:0-24 9:32-35

WARNING in ./src/pages/LoginAuthorityPage.jsx 9:19-30
export 'useNavigate' (imported as 'useNavigate') was not found in 'react-router-dom' (possible exports: BrowserRouter, Form, HashRouter, Link, NavLink, RouterProvider, ScrollRestoration, UNSAFE_FetchersContext, UNSAFE_ViewTransitionContext, UNSAFE_useScrollRestoration, createBrowserRouter, createHashRouter, createSearchParams, unstable_HistoryRouter, unstable_usePrompt, useBeforeUnload, useFetcher, useFetchers, useFormAction, useLinkClickHandler, useSearchParams, useSubmit, useViewTransitionState)
 @ ./src/App.jsx 6:0-60 34:35-53
 @ ./src/index.js 3:0-24 9:32-35

WARNING in ./src/pages/LoginCitizenPage.jsx 8:19-30
export 'useNavigate' (imported as 'useNavigate') was not found in 'react-router-dom' (possible exports: BrowserRouter, Form, HashRouter, Link, NavLink, RouterProvider, ScrollRestoration, UNSAFE_FetchersContext, UNSAFE_ViewTransitionContext, UNSAFE_useScrollRestoration, createBrowserRouter, createHashRouter, createSearchParams, unstable_HistoryRouter, unstable_usePrompt, useBeforeUnload, useFetcher, useFetchers, useFormAction, useLinkClickHandler, useSearchParams, useSubmit, useViewTransitionState)
 @ ./src/App.jsx 4:0-56 28:35-51
 @ ./src/index.js 3:0-24 9:32-35

WARNING in ./src/pages/SignupAuthorityPage.jsx 8:19-30
export 'useNavigate' (imported as 'useNavigate') was not found in 'react-router-dom' (possible exports: BrowserRouter, Form, HashRouter, Link, NavLink, RouterProvider, ScrollRestoration, UNSAFE_FetchersContext, UNSAFE_ViewTransitionContext, UNSAFE_useScrollRestoration, createBrowserRouter, createHashRouter, createSearchParams, unstable_HistoryRouter, unstable_usePrompt, useBeforeUnload, useFetcher, useFetchers, useFormAction, useLinkClickHandler, useSearchParams, useSubmit, useViewTransitionState)
 @ ./src/App.jsx 5:0-62 31:35-54
 @ ./src/index.js 3:0-24 9:32-35

WARNING in ./src/pages/SignupCitizenPage.jsx 8:19-30
export 'useNavigate' (imported as 'useNavigate') was not found in 'react-router-dom' (possible exports: BrowserRouter, Form, HashRouter, Link, NavLink, RouterProvider, ScrollRestoration, UNSAFE_FetchersContext, UNSAFE_ViewTransitionContext, UNSAFE_useScrollRestoration, createBrowserRouter, createHashRouter, createSearchParams, unstable_HistoryRouter, unstable_usePrompt, useBeforeUnload, useFetcher, useFetchers, useFormAction, useLinkClickHandler, useSearchParams, useSubmit, useViewTransitionState)
 @ ./src/App.jsx 3:0-58 25:35-52
 @ ./src/index.js 3:0-24 9:32-35

webpack 5.99.9 compiled with 6 warnings in 63 ms
assets by status 1.98 KiB [cached] 1 asset
assets by path *.js 3.43 MiB
  asset bundle.js 3.42 MiB [emitted] (name: main)
  asset main.472ac905441e169ff4a5.hot-update.js 7.65 KiB [emitted] [immutable] [hmr] (name: main)
asset main.472ac905441e169ff4a5.hot-update.json 28 bytes [emitted] [immutable] [hmr]
Entrypoint main 3.43 MiB = bundle.js 3.42 MiB main.472ac905441e169ff4a5.hot-update.js 7.65 KiB
cached modules 3.07 MiB [cached] 161 modules
runtime modules 28.6 KiB 14 modules
./src/App.jsx 2.53 KiB [built] [code generated]

WARNING in ./src/App.jsx 18:19-30
export 'useLocation' (imported as 'useLocation') was not found in 'react-router-dom' (possible exports: BrowserRouter, Form, HashRouter, Link, NavLink, RouterProvider, ScrollRestoration, UNSAFE_FetchersContext, UNSAFE_ViewTransitionContext, UNSAFE_useScrollRestoration, createBrowserRouter, createHashRouter, createSearchParams, unstable_HistoryRouter, unstable_usePrompt, useBeforeUnload, useFetcher, useFetchers, useFormAction, useLinkClickHandler, useSearchParams, useSubmit, useViewTransitionState)
 @ ./src/index.js 3:0-24 9:32-35

WARNING in ./src/App.jsx 22:80-86
export 'Routes' (imported as 'Routes') was not found in 'react-router-dom' (possible exports: BrowserRouter, Form, HashRouter, Link, NavLink, RouterProvider, ScrollRestoration, UNSAFE_FetchersContext, UNSAFE_ViewTransitionContext, UNSAFE_useScrollRestoration, createBrowserRouter, createHashRouter, createSearchParams, unstable_HistoryRouter, unstable_usePrompt, useBeforeUnload, useFetcher, useFetchers, useFormAction, useLinkClickHandler, useSearchParams, useSubmit, useViewTransitionState)
 @ ./src/index.js 3:0-24 9:32-35

WARNING in ./src/App.jsx 23:35-40
export 'Route' (imported as 'Route') was not found in 'react-router-dom' (possible exports: BrowserRouter, Form, HashRouter, Link, NavLink, RouterProvider, ScrollRestoration, UNSAFE_FetchersContext, UNSAFE_ViewTransitionContext, UNSAFE_useScrollRestoration, createBrowserRouter, createHashRouter, createSearchParams, unstable_HistoryRouter, unstable_usePrompt, useBeforeUnload, useFetcher, useFetchers, useFormAction, useLinkClickHandler, useSearchParams, useSubmit, useViewTransitionState)
 @ ./src/index.js 3:0-24 9:32-35

WARNING in ./src/App.jsx 26:28-33
export 'Route' (imported as 'Route') was not found in 'react-router-dom' (possible exports: BrowserRouter, Form, HashRouter, Link, NavLink, RouterProvider, ScrollRestoration, UNSAFE_FetchersContext, UNSAFE_ViewTransitionContext, UNSAFE_useScrollRestoration, createBrowserRouter, createHashRouter, createSearchParams, unstable_HistoryRouter, unstable_usePrompt, useBeforeUnload, useFetcher, useFetchers, useFormAction, useLinkClickHandler, useSearchParams, useSubmit, useViewTransitionState)
 @ ./src/index.js 3:0-24 9:32-35

WARNING in ./src/App.jsx 29:28-33
export 'Route' (imported as 'Route') was not found in 'react-router-dom' (possible exports: BrowserRouter, Form, HashRouter, Link, NavLink, RouterProvider, ScrollRestoration, UNSAFE_FetchersContext, UNSAFE_ViewTransitionContext, UNSAFE_useScrollRestoration, createBrowserRouter, createHashRouter, createSearchParams, unstable_HistoryRouter, unstable_usePrompt, useBeforeUnload, useFetcher, useFetchers, useFormAction, useLinkClickHandler, useSearchParams, useSubmit, useViewTransitionState)
 @ ./src/index.js 3:0-24 9:32-35

WARNING in ./src/App.jsx 32:28-33
export 'Route' (imported as 'Route') was not found in 'react-router-dom' (possible exports: BrowserRouter, Form, HashRouter, Link, NavLink, RouterProvider, ScrollRestoration, UNSAFE_FetchersContext, UNSAFE_ViewTransitionContext, UNSAFE_useScrollRestoration, createBrowserRouter, createHashRouter, createSearchParams, unstable_HistoryRouter, unstable_usePrompt, useBeforeUnload, useFetcher, useFetchers, useFormAction, useLinkClickHandler, useSearchParams, useSubmit, useViewTransitionState)
 @ ./src/index.js 3:0-24 9:32-35

WARNING in ./src/App.jsx 35:28-33
export 'Route' (imported as 'Route') was not found in 'react-router-dom' (possible exports: BrowserRouter, Form, HashRouter, Link, NavLink, RouterProvider, ScrollRestoration, UNSAFE_FetchersContext, UNSAFE_ViewTransitionContext, UNSAFE_useScrollRestoration, createBrowserRouter, createHashRouter, createSearchParams, unstable_HistoryRouter, unstable_usePrompt, useBeforeUnload, useFetcher, useFetchers, useFormAction, useLinkClickHandler, useSearchParams, useSubmit, useViewTransitionState)
 @ ./src/index.js 3:0-24 9:32-35

WARNING in ./src/App.jsx 38:28-33
export 'Route' (imported as 'Route') was not found in 'react-router-dom' (possible exports: BrowserRouter, Form, HashRouter, Link, NavLink, RouterProvider, ScrollRestoration, UNSAFE_FetchersContext, UNSAFE_ViewTransitionContext, UNSAFE_useScrollRestoration, createBrowserRouter, createHashRouter, createSearchParams, unstable_HistoryRouter, unstable_usePrompt, useBeforeUnload, useFetcher, useFetchers, useFormAction, useLinkClickHandler, useSearchParams, useSubmit, useViewTransitionState)
 @ ./src/index.js 3:0-24 9:32-35

WARNING in ./src/App.jsx 44:28-33
export 'Route' (imported as 'Route') was not found in 'react-router-dom' (possible exports: BrowserRouter, Form, HashRouter, Link, NavLink, RouterProvider, ScrollRestoration, UNSAFE_FetchersContext, UNSAFE_ViewTransitionContext, UNSAFE_useScrollRestoration, createBrowserRouter, createHashRouter, createSearchParams, unstable_HistoryRouter, unstable_usePrompt, useBeforeUnload, useFetcher, useFetchers, useFormAction, useLinkClickHandler, useSearchParams, useSubmit, useViewTransitionState)
 @ ./src/index.js 3:0-24 9:32-35

WARNING in ./src/App.jsx 50:28-33
export 'Route' (imported as 'Route') was not found in 'react-router-dom' (possible exports: BrowserRouter, Form, HashRouter, Link, NavLink, RouterProvider, ScrollRestoration, UNSAFE_FetchersContext, UNSAFE_ViewTransitionContext, UNSAFE_useScrollRestoration, createBrowserRouter, createHashRouter, createSearchParams, unstable_HistoryRouter, unstable_usePrompt, useBeforeUnload, useFetcher, useFetchers, useFormAction, useLinkClickHandler, useSearchParams, useSubmit, useViewTransitionState)
 @ ./src/index.js 3:0-24 9:32-35

WARNING in ./src/components/ProtectedRoute.jsx 11:19-30
export 'useNavigate' (imported as 'useNavigate') was not found in 'react-router-dom' (possible exports: BrowserRouter, Form, HashRouter, Link, NavLink, RouterProvider, ScrollRestoration, UNSAFE_FetchersContext, UNSAFE_ViewTransitionContext, UNSAFE_useScrollRestoration, createBrowserRouter, createHashRouter, createSearchParams, unstable_HistoryRouter, unstable_usePrompt, useBeforeUnload, useFetcher, useFetchers, useFormAction, useLinkClickHandler, useSearchParams, useSubmit, useViewTransitionState)
 @ ./src/App.jsx 12:0-57 40:35-49 46:35-49 52:35-49
 @ ./src/index.js 3:0-24 9:32-35

WARNING in ./src/pages/IssueDetailPage.jsx 9:6-15
export 'useParams' (imported as 'useParams') was not found in 'react-router-dom' (possible exports: BrowserRouter, Form, HashRouter, Link, NavLink, RouterProvider, ScrollRestoration, UNSAFE_FetchersContext, UNSAFE_ViewTransitionContext, UNSAFE_useScrollRestoration, createBrowserRouter, createHashRouter, createSearchParams, unstable_HistoryRouter, unstable_usePrompt, useBeforeUnload, useFetcher, useFetchers, useFormAction, useLinkClickHandler, useSearchParams, useSubmit, useViewTransitionState)
 @ ./src/App.jsx 14:0-54 54:38-53
 @ ./src/index.js 3:0-24 9:32-35

WARNING in ./src/pages/LoginAuthorityPage.jsx 9:19-30
export 'useNavigate' (imported as 'useNavigate') was not found in 'react-router-dom' (possible exports: BrowserRouter, Form, HashRouter, Link, NavLink, RouterProvider, ScrollRestoration, UNSAFE_FetchersContext, UNSAFE_ViewTransitionContext, UNSAFE_useScrollRestoration, createBrowserRouter, createHashRouter, createSearchParams, unstable_HistoryRouter, unstable_usePrompt, useBeforeUnload, useFetcher, useFetchers, useFormAction, useLinkClickHandler, useSearchParams, useSubmit, useViewTransitionState)
 @ ./src/App.jsx 9:0-60 37:35-53
 @ ./src/index.js 3:0-24 9:32-35

WARNING in ./src/pages/LoginCitizenPage.jsx 8:19-30
export 'useNavigate' (imported as 'useNavigate') was not found in 'react-router-dom' (possible exports: BrowserRouter, Form, HashRouter, Link, NavLink, RouterProvider, ScrollRestoration, UNSAFE_FetchersContext, UNSAFE_ViewTransitionContext, UNSAFE_useScrollRestoration, createBrowserRouter, createHashRouter, createSearchParams, unstable_HistoryRouter, unstable_usePrompt, useBeforeUnload, useFetcher, useFetchers, useFormAction, useLinkClickHandler, useSearchParams, useSubmit, useViewTransitionState)
 @ ./src/App.jsx 7:0-56 31:35-51
 @ ./src/index.js 3:0-24 9:32-35

WARNING in ./src/pages/SignupAuthorityPage.jsx 8:19-30
export 'useNavigate' (imported as 'useNavigate') was not found in 'react-router-dom' (possible exports: BrowserRouter, Form, HashRouter, Link, NavLink, RouterProvider, ScrollRestoration, UNSAFE_FetchersContext, UNSAFE_ViewTransitionContext, UNSAFE_useScrollRestoration, createBrowserRouter, createHashRouter, createSearchParams, unstable_HistoryRouter, unstable_usePrompt, useBeforeUnload, useFetcher, useFetchers, useFormAction, useLinkClickHandler, useSearchParams, useSubmit, useViewTransitionState)
 @ ./src/App.jsx 8:0-62 34:35-54
 @ ./src/index.js 3:0-24 9:32-35

WARNING in ./src/pages/SignupCitizenPage.jsx 8:19-30
export 'useNavigate' (imported as 'useNavigate') was not found in 'react-router-dom' (possible exports: BrowserRouter, Form, HashRouter, Link, NavLink, RouterProvider, ScrollRestoration, UNSAFE_FetchersContext, UNSAFE_ViewTransitionContext, UNSAFE_useScrollRestoration, createBrowserRouter, createHashRouter, createSearchParams, unstable_HistoryRouter, unstable_usePrompt, useBeforeUnload, useFetcher, useFetchers, useFormAction, useLinkClickHandler, useSearchParams, useSubmit, useViewTransitionState)
 @ ./src/App.jsx 6:0-58 28:35-52
 @ ./src/index.js 3:0-24 9:32-35

webpack 5.99.9 compiled with 16 warnings in 59 ms
assets by status 1.98 KiB [cached] 1 asset
assets by path *.js 1.42 MiB
  asset bundle.js 1.39 MiB [emitted] (name: main)
  asset main.5138e65813e35cdb37a5.hot-update.js 29.3 KiB [emitted] [immutable] [hmr] (name: main)
asset main.5138e65813e35cdb37a5.hot-update.json 6.72 KiB [emitted] [immutable] [hmr]
Entrypoint main 1.42 MiB = bundle.js 1.39 MiB main.5138e65813e35cdb37a5.hot-update.js 29.3 KiB
cached modules 1.23 MiB [cached] 23 modules
runtime modules 27.5 KiB 13 modules
javascript modules 36.5 KiB
  modules by path ./src/ 36.4 KiB
    modules by path ./src/pages/*.jsx 31.2 KiB 8 modules
    modules by path ./src/components/*.jsx 1.8 KiB 2 modules
    ./src/index.js 406 bytes [code generated]
    ./src/App.jsx 2.53 KiB [code generated]
    ./src/supabase/supabaseClient.js 413 bytes [code generated]
  modules with errors 156 bytes [true errors]
    ../node_modules/react-router-dom/dist/index.js 39 bytes [built] [code generated] [1 error]
    ../node_modules/axios/index.js 39 bytes [built] [1 error]
    ../node_modules/emailjs-com/es/index.js 39 bytes [built] [code generated] [1 error]
    ../node_modules/@supabase/supabase-js/dist/module/index.js 39 bytes [built] [code generated] [1 error]

ERROR in ../node_modules/@supabase/supabase-js/dist/module/index.js
Module build failed: Error: ENOENT: no such file or directory, open '/home/kavia/workspace/code-generation/cityresolve-smart-complaint-management-platform-943-d65af04c/node_modules/@supabase/supabase-js/dist/module/index.js'
 @ ./src/supabase/supabaseClient.js 1:0-53 4:24-36
 @ ./src/pages/SignupCitizenPage.jsx 2:0-54 16:14-34
 @ ./src/App.jsx 6:0-58 28:35-52
 @ ./src/index.js 3:0-24 9:32-35

ERROR in ../node_modules/emailjs-com/es/index.js
Module build failed: Error: ENOENT: no such file or directory, open '/home/kavia/workspace/code-generation/cityresolve-smart-complaint-management-platform-943-d65af04c/node_modules/emailjs-com/es/index.js'
 @ ./src/pages/IssueFormPage.jsx 4:0-34 207:16-28
 @ ./src/App.jsx 10:0-50 42:38-51
 @ ./src/index.js 3:0-24 9:32-35

ERROR in ../node_modules/react-router-dom/dist/index.js
Module build failed: Error: ENOENT: no such file or directory, open '/home/kavia/workspace/code-generation/cityresolve-smart-complaint-management-platform-943-d65af04c/node_modules/react-router-dom/dist/index.js'
 @ ./src/index.js 4:0-49 8:30-43

ERROR in ../node_modules/axios/index.js
Module build failed: Error: ENOENT: no such file or directory, open '/home/kavia/workspace/code-generation/cityresolve-smart-complaint-management-platform-943-d65af04c/node_modules/axios/index.js'
 @ ./src/pages/IssueFormPage.jsx 3:0-26 14:20-30 33:20-30 60:20-30
 @ ./src/App.jsx 10:0-50 42:38-51
 @ ./src/index.js 3:0-24 9:32-35

webpack 5.99.9 compiled with 4 errors in 47 ms
assets by status 1.98 KiB [cached] 1 asset
assets by path *.js 1.71 MiB
  asset bundle.js 1.55 MiB [emitted] (name: main)
  asset main.2c02a33ab1c8b460090e.hot-update.js 164 KiB [emitted] [immutable] [hmr] (name: main)
asset main.2c02a33ab1c8b460090e.hot-update.json 28 bytes [emitted] [immutable] [hmr]
Entrypoint main 1.71 MiB = bundle.js 1.55 MiB main.2c02a33ab1c8b460090e.hot-update.js 164 KiB
cached modules 1.24 MiB [cached] 25 modules
runtime modules 28.6 KiB 14 modules
javascript modules 166 KiB
  code generated modules 80.4 KiB [code generated]
    modules by path ./src/ 23.7 KiB 11 modules
    built modules 56.7 KiB [built]
      ../node_modules/react-router-dom/dist/index.js 55.4 KiB [built] [code generated]
      ../node_modules/react-dom/index.js 1.33 KiB [built] [code generated]
  modules with errors 117 bytes [true errors]
    ../node_modules/axios/index.js 39 bytes [built] [1 error]
    ../node_modules/emailjs-com/es/index.js 39 bytes [built] [1 error]
    ../node_modules/@supabase/supabase-js/dist/module/index.js 39 bytes [built] [1 error]
  modules by path ../node_modules/react/ 85.7 KiB
    ../node_modules/react/index.js 190 bytes [built]
    ../node_modules/react/cjs/react.development.js 85.5 KiB [built]

WARNING in ./src/App.jsx 18:19-30
export 'useLocation' (imported as 'useLocation') was not found in 'react-router-dom' (possible exports: BrowserRouter, Form, HashRouter, Link, NavLink, RouterProvider, ScrollRestoration, UNSAFE_FetchersContext, UNSAFE_ViewTransitionContext, UNSAFE_useScrollRestoration, createBrowserRouter, createHashRouter, createSearchParams, unstable_HistoryRouter, unstable_usePrompt, useBeforeUnload, useFetcher, useFetchers, useFormAction, useLinkClickHandler, useSearchParams, useSubmit, useViewTransitionState)
 @ ./src/index.js 3:0-24 9:32-35

WARNING in ./src/App.jsx 22:80-86
export 'Routes' (imported as 'Routes') was not found in 'react-router-dom' (possible exports: BrowserRouter, Form, HashRouter, Link, NavLink, RouterProvider, ScrollRestoration, UNSAFE_FetchersContext, UNSAFE_ViewTransitionContext, UNSAFE_useScrollRestoration, createBrowserRouter, createHashRouter, createSearchParams, unstable_HistoryRouter, unstable_usePrompt, useBeforeUnload, useFetcher, useFetchers, useFormAction, useLinkClickHandler, useSearchParams, useSubmit, useViewTransitionState)
 @ ./src/index.js 3:0-24 9:32-35

WARNING in ./src/App.jsx 23:35-40
export 'Route' (imported as 'Route') was not found in 'react-router-dom' (possible exports: BrowserRouter, Form, HashRouter, Link, NavLink, RouterProvider, ScrollRestoration, UNSAFE_FetchersContext, UNSAFE_ViewTransitionContext, UNSAFE_useScrollRestoration, createBrowserRouter, createHashRouter, createSearchParams, unstable_HistoryRouter, unstable_usePrompt, useBeforeUnload, useFetcher, useFetchers, useFormAction, useLinkClickHandler, useSearchParams, useSubmit, useViewTransitionState)
 @ ./src/index.js 3:0-24 9:32-35

WARNING in ./src/App.jsx 26:28-33
export 'Route' (imported as 'Route') was not found in 'react-router-dom' (possible exports: BrowserRouter, Form, HashRouter, Link, NavLink, RouterProvider, ScrollRestoration, UNSAFE_FetchersContext, UNSAFE_ViewTransitionContext, UNSAFE_useScrollRestoration, createBrowserRouter, createHashRouter, createSearchParams, unstable_HistoryRouter, unstable_usePrompt, useBeforeUnload, useFetcher, useFetchers, useFormAction, useLinkClickHandler, useSearchParams, useSubmit, useViewTransitionState)
 @ ./src/index.js 3:0-24 9:32-35

WARNING in ./src/App.jsx 29:28-33
export 'Route' (imported as 'Route') was not found in 'react-router-dom' (possible exports: BrowserRouter, Form, HashRouter, Link, NavLink, RouterProvider, ScrollRestoration, UNSAFE_FetchersContext, UNSAFE_ViewTransitionContext, UNSAFE_useScrollRestoration, createBrowserRouter, createHashRouter, createSearchParams, unstable_HistoryRouter, unstable_usePrompt, useBeforeUnload, useFetcher, useFetchers, useFormAction, useLinkClickHandler, useSearchParams, useSubmit, useViewTransitionState)
 @ ./src/index.js 3:0-24 9:32-35

WARNING in ./src/App.jsx 32:28-33
export 'Route' (imported as 'Route') was not found in 'react-router-dom' (possible exports: BrowserRouter, Form, HashRouter, Link, NavLink, RouterProvider, ScrollRestoration, UNSAFE_FetchersContext, UNSAFE_ViewTransitionContext, UNSAFE_useScrollRestoration, createBrowserRouter, createHashRouter, createSearchParams, unstable_HistoryRouter, unstable_usePrompt, useBeforeUnload, useFetcher, useFetchers, useFormAction, useLinkClickHandler, useSearchParams, useSubmit, useViewTransitionState)
 @ ./src/index.js 3:0-24 9:32-35

WARNING in ./src/App.jsx 35:28-33
export 'Route' (imported as 'Route') was not found in 'react-router-dom' (possible exports: BrowserRouter, Form, HashRouter, Link, NavLink, RouterProvider, ScrollRestoration, UNSAFE_FetchersContext, UNSAFE_ViewTransitionContext, UNSAFE_useScrollRestoration, createBrowserRouter, createHashRouter, createSearchParams, unstable_HistoryRouter, unstable_usePrompt, useBeforeUnload, useFetcher, useFetchers, useFormAction, useLinkClickHandler, useSearchParams, useSubmit, useViewTransitionState)
 @ ./src/index.js 3:0-24 9:32-35

WARNING in ./src/App.jsx 38:28-33
export 'Route' (imported as 'Route') was not found in 'react-router-dom' (possible exports: BrowserRouter, Form, HashRouter, Link, NavLink, RouterProvider, ScrollRestoration, UNSAFE_FetchersContext, UNSAFE_ViewTransitionContext, UNSAFE_useScrollRestoration, createBrowserRouter, createHashRouter, createSearchParams, unstable_HistoryRouter, unstable_usePrompt, useBeforeUnload, useFetcher, useFetchers, useFormAction, useLinkClickHandler, useSearchParams, useSubmit, useViewTransitionState)
 @ ./src/index.js 3:0-24 9:32-35

WARNING in ./src/App.jsx 44:28-33
export 'Route' (imported as 'Route') was not found in 'react-router-dom' (possible exports: BrowserRouter, Form, HashRouter, Link, NavLink, RouterProvider, ScrollRestoration, UNSAFE_FetchersContext, UNSAFE_ViewTransitionContext, UNSAFE_useScrollRestoration, createBrowserRouter, createHashRouter, createSearchParams, unstable_HistoryRouter, unstable_usePrompt, useBeforeUnload, useFetcher, useFetchers, useFormAction, useLinkClickHandler, useSearchParams, useSubmit, useViewTransitionState)
 @ ./src/index.js 3:0-24 9:32-35

WARNING in ./src/App.jsx 50:28-33
export 'Route' (imported as 'Route') was not found in 'react-router-dom' (possible exports: BrowserRouter, Form, HashRouter, Link, NavLink, RouterProvider, ScrollRestoration, UNSAFE_FetchersContext, UNSAFE_ViewTransitionContext, UNSAFE_useScrollRestoration, createBrowserRouter, createHashRouter, createSearchParams, unstable_HistoryRouter, unstable_usePrompt, useBeforeUnload, useFetcher, useFetchers, useFormAction, useLinkClickHandler, useSearchParams, useSubmit, useViewTransitionState)
 @ ./src/index.js 3:0-24 9:32-35

WARNING in ./src/components/ProtectedRoute.jsx 11:19-30
export 'useNavigate' (imported as 'useNavigate') was not found in 'react-router-dom' (possible exports: BrowserRouter, Form, HashRouter, Link, NavLink, RouterProvider, ScrollRestoration, UNSAFE_FetchersContext, UNSAFE_ViewTransitionContext, UNSAFE_useScrollRestoration, createBrowserRouter, createHashRouter, createSearchParams, unstable_HistoryRouter, unstable_usePrompt, useBeforeUnload, useFetcher, useFetchers, useFormAction, useLinkClickHandler, useSearchParams, useSubmit, useViewTransitionState)
 @ ./src/App.jsx 12:0-57 40:35-49 46:35-49 52:35-49
 @ ./src/index.js 3:0-24 9:32-35

WARNING in ./src/pages/IssueDetailPage.jsx 9:6-15
export 'useParams' (imported as 'useParams') was not found in 'react-router-dom' (possible exports: BrowserRouter, Form, HashRouter, Link, NavLink, RouterProvider, ScrollRestoration, UNSAFE_FetchersContext, UNSAFE_ViewTransitionContext, UNSAFE_useScrollRestoration, createBrowserRouter, createHashRouter, createSearchParams, unstable_HistoryRouter, unstable_usePrompt, useBeforeUnload, useFetcher, useFetchers, useFormAction, useLinkClickHandler, useSearchParams, useSubmit, useViewTransitionState)
 @ ./src/App.jsx 14:0-54 54:38-53
 @ ./src/index.js 3:0-24 9:32-35

WARNING in ./src/pages/LoginAuthorityPage.jsx 9:19-30
export 'useNavigate' (imported as 'useNavigate') was not found in 'react-router-dom' (possible exports: BrowserRouter, Form, HashRouter, Link, NavLink, RouterProvider, ScrollRestoration, UNSAFE_FetchersContext, UNSAFE_ViewTransitionContext, UNSAFE_useScrollRestoration, createBrowserRouter, createHashRouter, createSearchParams, unstable_HistoryRouter, unstable_usePrompt, useBeforeUnload, useFetcher, useFetchers, useFormAction, useLinkClickHandler, useSearchParams, useSubmit, useViewTransitionState)
 @ ./src/App.jsx 9:0-60 37:35-53
 @ ./src/index.js 3:0-24 9:32-35

WARNING in ./src/pages/LoginCitizenPage.jsx 8:19-30
export 'useNavigate' (imported as 'useNavigate') was not found in 'react-router-dom' (possible exports: BrowserRouter, Form, HashRouter, Link, NavLink, RouterProvider, ScrollRestoration, UNSAFE_FetchersContext, UNSAFE_ViewTransitionContext, UNSAFE_useScrollRestoration, createBrowserRouter, createHashRouter, createSearchParams, unstable_HistoryRouter, unstable_usePrompt, useBeforeUnload, useFetcher, useFetchers, useFormAction, useLinkClickHandler, useSearchParams, useSubmit, useViewTransitionState)
 @ ./src/App.jsx 7:0-56 31:35-51
 @ ./src/index.js 3:0-24 9:32-35

WARNING in ./src/pages/SignupAuthorityPage.jsx 8:19-30
export 'useNavigate' (imported as 'useNavigate') was not found in 'react-router-dom' (possible exports: BrowserRouter, Form, HashRouter, Link, NavLink, RouterProvider, ScrollRestoration, UNSAFE_FetchersContext, UNSAFE_ViewTransitionContext, UNSAFE_useScrollRestoration, createBrowserRouter, createHashRouter, createSearchParams, unstable_HistoryRouter, unstable_usePrompt, useBeforeUnload, useFetcher, useFetchers, useFormAction, useLinkClickHandler, useSearchParams, useSubmit, useViewTransitionState)
 @ ./src/App.jsx 8:0-62 34:35-54
 @ ./src/index.js 3:0-24 9:32-35

WARNING in ./src/pages/SignupCitizenPage.jsx 8:19-30
export 'useNavigate' (imported as 'useNavigate') was not found in 'react-router-dom' (possible exports: BrowserRouter, Form, HashRouter, Link, NavLink, RouterProvider, ScrollRestoration, UNSAFE_FetchersContext, UNSAFE_ViewTransitionContext, UNSAFE_useScrollRestoration, createBrowserRouter, createHashRouter, createSearchParams, unstable_HistoryRouter, unstable_usePrompt, useBeforeUnload, useFetcher, useFetchers, useFormAction, useLinkClickHandler, useSearchParams, useSubmit, useViewTransitionState)
 @ ./src/App.jsx 6:0-58 28:35-52
 @ ./src/index.js 3:0-24 9:32-35

ERROR in ../node_modules/@supabase/supabase-js/dist/module/index.js
Module build failed: Error: ENOENT: no such file or directory, open '/home/kavia/workspace/code-generation/cityresolve-smart-complaint-management-platform-943-d65af04c/node_modules/@supabase/supabase-js/dist/module/index.js'
 @ ./src/supabase/supabaseClient.js 1:0-53 4:24-36
 @ ./src/pages/SignupCitizenPage.jsx 2:0-54 16:14-34
 @ ./src/App.jsx 6:0-58 28:35-52
 @ ./src/index.js 3:0-24 9:32-35

ERROR in ../node_modules/emailjs-com/es/index.js
Module build failed: Error: ENOENT: no such file or directory, open '/home/kavia/workspace/code-generation/cityresolve-smart-complaint-management-platform-943-d65af04c/node_modules/emailjs-com/es/index.js'
 @ ./src/pages/IssueFormPage.jsx 4:0-34 207:16-28
 @ ./src/App.jsx 10:0-50 42:38-51
 @ ./src/index.js 3:0-24 9:32-35

ERROR in ../node_modules/react-dom/index.js 37:2-60
Module not found: Error: Can't resolve './cjs/react-dom.development.js' in '/home/kavia/workspace/code-generation/cityresolve-smart-complaint-management-platform-943-d65af04c/node_modules/react-dom'
 @ ../node_modules/react-router-dom/dist/index.js 12:0-38 350:22-30
 @ ./src/index.js 4:0-49 8:30-43

ERROR in ../node_modules/react-router-dom/dist/index.js 13:0-346
Module not found: Error: Can't resolve 'react-router' in '/home/kavia/workspace/code-generation/cityresolve-smart-complaint-management-platform-943-d65af04c/node_modules/react-router-dom/dist'
 @ ./src/index.js 4:0-49 8:30-43

ERROR in ../node_modules/react-router-dom/dist/index.js 15:0-201
Module not found: Error: Can't resolve '@remix-run/router' in '/home/kavia/workspace/code-generation/cityresolve-smart-complaint-management-platform-943-d65af04c/node_modules/react-router-dom/dist'
 @ ./src/index.js 4:0-49 8:30-43

ERROR in ../node_modules/axios/index.js
Module build failed: Error: ENOENT: no such file or directory, open '/home/kavia/workspace/code-generation/cityresolve-smart-complaint-management-platform-943-d65af04c/node_modules/axios/index.js'
 @ ./src/pages/IssueFormPage.jsx 3:0-26 14:20-30 33:20-30 60:20-30
 @ ./src/App.jsx 10:0-50 42:38-51
 @ ./src/index.js 3:0-24 9:32-35

3 errors have detailed information that is not shown.
Use 'stats.errorDetails: true' resp. '--stats-error-details' to show it.

webpack 5.99.9 compiled with 6 errors and 16 warnings in 152 ms
assets by status 1.98 KiB [cached] 1 asset
assets by path *.js 5.39 MiB
  asset bundle.js 3.42 MiB [emitted] (name: main)
  asset main.02daa5c68809e87fafb5.hot-update.js 1.97 MiB [emitted] [immutable] [hmr] (name: main)
asset main.02daa5c68809e87fafb5.hot-update.json 60 bytes [emitted] [immutable] [hmr]
Entrypoint main 5.39 MiB = bundle.js 3.42 MiB main.02daa5c68809e87fafb5.hot-update.js 1.97 MiB
cached modules 1.25 MiB [cached] 34 modules
runtime modules 28.6 KiB 14 modules
orphan modules 1.06 KiB [orphan] 4 modules
built modules 1.75 MiB [built]
  modules by path ../node_modules/@supabase/ 324 KiB 55 modules
  modules by path ../node_modules/axios/lib/ 100 KiB 49 modules
  modules by path ../node_modules/emailjs-com/es/ 4.37 KiB 8 modules
  modules by path ../node_modules/scheduler/ 17.3 KiB 2 modules
  + 5 modules
modules by path ./src/ 18.6 KiB
  ./src/pages/IssueFormPage.jsx 12.3 KiB [code generated]
  ./src/pages/IssueDetailPage.jsx 5.96 KiB [code generated]
  ./src/supabase/supabaseClient.js 413 bytes [code generated]
../node_modules/react-router-dom/dist/index.js 55.4 KiB [code generated]
../node_modules/react-dom/index.js 1.33 KiB [code generated]

WARNING in ./src/App.jsx 18:19-30
export 'useLocation' (imported as 'useLocation') was not found in 'react-router-dom' (possible exports: BrowserRouter, Form, HashRouter, Link, NavLink, RouterProvider, ScrollRestoration, UNSAFE_FetchersContext, UNSAFE_ViewTransitionContext, UNSAFE_useScrollRestoration, createBrowserRouter, createHashRouter, createSearchParams, unstable_HistoryRouter, unstable_usePrompt, useBeforeUnload, useFetcher, useFetchers, useFormAction, useLinkClickHandler, useSearchParams, useSubmit, useViewTransitionState)
 @ ./src/index.js 3:0-24 9:32-35

WARNING in ./src/App.jsx 22:80-86
export 'Routes' (imported as 'Routes') was not found in 'react-router-dom' (possible exports: BrowserRouter, Form, HashRouter, Link, NavLink, RouterProvider, ScrollRestoration, UNSAFE_FetchersContext, UNSAFE_ViewTransitionContext, UNSAFE_useScrollRestoration, createBrowserRouter, createHashRouter, createSearchParams, unstable_HistoryRouter, unstable_usePrompt, useBeforeUnload, useFetcher, useFetchers, useFormAction, useLinkClickHandler, useSearchParams, useSubmit, useViewTransitionState)
 @ ./src/index.js 3:0-24 9:32-35

WARNING in ./src/App.jsx 23:35-40
export 'Route' (imported as 'Route') was not found in 'react-router-dom' (possible exports: BrowserRouter, Form, HashRouter, Link, NavLink, RouterProvider, ScrollRestoration, UNSAFE_FetchersContext, UNSAFE_ViewTransitionContext, UNSAFE_useScrollRestoration, createBrowserRouter, createHashRouter, createSearchParams, unstable_HistoryRouter, unstable_usePrompt, useBeforeUnload, useFetcher, useFetchers, useFormAction, useLinkClickHandler, useSearchParams, useSubmit, useViewTransitionState)
 @ ./src/index.js 3:0-24 9:32-35

WARNING in ./src/App.jsx 26:28-33
export 'Route' (imported as 'Route') was not found in 'react-router-dom' (possible exports: BrowserRouter, Form, HashRouter, Link, NavLink, RouterProvider, ScrollRestoration, UNSAFE_FetchersContext, UNSAFE_ViewTransitionContext, UNSAFE_useScrollRestoration, createBrowserRouter, createHashRouter, createSearchParams, unstable_HistoryRouter, unstable_usePrompt, useBeforeUnload, useFetcher, useFetchers, useFormAction, useLinkClickHandler, useSearchParams, useSubmit, useViewTransitionState)
 @ ./src/index.js 3:0-24 9:32-35

WARNING in ./src/App.jsx 29:28-33
export 'Route' (imported as 'Route') was not found in 'react-router-dom' (possible exports: BrowserRouter, Form, HashRouter, Link, NavLink, RouterProvider, ScrollRestoration, UNSAFE_FetchersContext, UNSAFE_ViewTransitionContext, UNSAFE_useScrollRestoration, createBrowserRouter, createHashRouter, createSearchParams, unstable_HistoryRouter, unstable_usePrompt, useBeforeUnload, useFetcher, useFetchers, useFormAction, useLinkClickHandler, useSearchParams, useSubmit, useViewTransitionState)
 @ ./src/index.js 3:0-24 9:32-35

WARNING in ./src/App.jsx 32:28-33
export 'Route' (imported as 'Route') was not found in 'react-router-dom' (possible exports: BrowserRouter, Form, HashRouter, Link, NavLink, RouterProvider, ScrollRestoration, UNSAFE_FetchersContext, UNSAFE_ViewTransitionContext, UNSAFE_useScrollRestoration, createBrowserRouter, createHashRouter, createSearchParams, unstable_HistoryRouter, unstable_usePrompt, useBeforeUnload, useFetcher, useFetchers, useFormAction, useLinkClickHandler, useSearchParams, useSubmit, useViewTransitionState)
 @ ./src/index.js 3:0-24 9:32-35

WARNING in ./src/App.jsx 35:28-33
export 'Route' (imported as 'Route') was not found in 'react-router-dom' (possible exports: BrowserRouter, Form, HashRouter, Link, NavLink, RouterProvider, ScrollRestoration, UNSAFE_FetchersContext, UNSAFE_ViewTransitionContext, UNSAFE_useScrollRestoration, createBrowserRouter, createHashRouter, createSearchParams, unstable_HistoryRouter, unstable_usePrompt, useBeforeUnload, useFetcher, useFetchers, useFormAction, useLinkClickHandler, useSearchParams, useSubmit, useViewTransitionState)
 @ ./src/index.js 3:0-24 9:32-35

WARNING in ./src/App.jsx 38:28-33
export 'Route' (imported as 'Route') was not found in 'react-router-dom' (possible exports: BrowserRouter, Form, HashRouter, Link, NavLink, RouterProvider, ScrollRestoration, UNSAFE_FetchersContext, UNSAFE_ViewTransitionContext, UNSAFE_useScrollRestoration, createBrowserRouter, createHashRouter, createSearchParams, unstable_HistoryRouter, unstable_usePrompt, useBeforeUnload, useFetcher, useFetchers, useFormAction, useLinkClickHandler, useSearchParams, useSubmit, useViewTransitionState)
 @ ./src/index.js 3:0-24 9:32-35

WARNING in ./src/App.jsx 44:28-33
export 'Route' (imported as 'Route') was not found in 'react-router-dom' (possible exports: BrowserRouter, Form, HashRouter, Link, NavLink, RouterProvider, ScrollRestoration, UNSAFE_FetchersContext, UNSAFE_ViewTransitionContext, UNSAFE_useScrollRestoration, createBrowserRouter, createHashRouter, createSearchParams, unstable_HistoryRouter, unstable_usePrompt, useBeforeUnload, useFetcher, useFetchers, useFormAction, useLinkClickHandler, useSearchParams, useSubmit, useViewTransitionState)
 @ ./src/index.js 3:0-24 9:32-35

WARNING in ./src/App.jsx 50:28-33
export 'Route' (imported as 'Route') was not found in 'react-router-dom' (possible exports: BrowserRouter, Form, HashRouter, Link, NavLink, RouterProvider, ScrollRestoration, UNSAFE_FetchersContext, UNSAFE_ViewTransitionContext, UNSAFE_useScrollRestoration, createBrowserRouter, createHashRouter, createSearchParams, unstable_HistoryRouter, unstable_usePrompt, useBeforeUnload, useFetcher, useFetchers, useFormAction, useLinkClickHandler, useSearchParams, useSubmit, useViewTransitionState)
 @ ./src/index.js 3:0-24 9:32-35

WARNING in ./src/components/ProtectedRoute.jsx 11:19-30
export 'useNavigate' (imported as 'useNavigate') was not found in 'react-router-dom' (possible exports: BrowserRouter, Form, HashRouter, Link, NavLink, RouterProvider, ScrollRestoration, UNSAFE_FetchersContext, UNSAFE_ViewTransitionContext, UNSAFE_useScrollRestoration, createBrowserRouter, createHashRouter, createSearchParams, unstable_HistoryRouter, unstable_usePrompt, useBeforeUnload, useFetcher, useFetchers, useFormAction, useLinkClickHandler, useSearchParams, useSubmit, useViewTransitionState)
 @ ./src/App.jsx 12:0-57 40:35-49 46:35-49 52:35-49
 @ ./src/index.js 3:0-24 9:32-35

WARNING in ./src/pages/IssueDetailPage.jsx 9:6-15
export 'useParams' (imported as 'useParams') was not found in 'react-router-dom' (possible exports: BrowserRouter, Form, HashRouter, Link, NavLink, RouterProvider, ScrollRestoration, UNSAFE_FetchersContext, UNSAFE_ViewTransitionContext, UNSAFE_useScrollRestoration, createBrowserRouter, createHashRouter, createSearchParams, unstable_HistoryRouter, unstable_usePrompt, useBeforeUnload, useFetcher, useFetchers, useFormAction, useLinkClickHandler, useSearchParams, useSubmit, useViewTransitionState)
 @ ./src/App.jsx 14:0-54 54:38-53
 @ ./src/index.js 3:0-24 9:32-35

WARNING in ./src/pages/LoginAuthorityPage.jsx 9:19-30
export 'useNavigate' (imported as 'useNavigate') was not found in 'react-router-dom' (possible exports: BrowserRouter, Form, HashRouter, Link, NavLink, RouterProvider, ScrollRestoration, UNSAFE_FetchersContext, UNSAFE_ViewTransitionContext, UNSAFE_useScrollRestoration, createBrowserRouter, createHashRouter, createSearchParams, unstable_HistoryRouter, unstable_usePrompt, useBeforeUnload, useFetcher, useFetchers, useFormAction, useLinkClickHandler, useSearchParams, useSubmit, useViewTransitionState)
 @ ./src/App.jsx 9:0-60 37:35-53
 @ ./src/index.js 3:0-24 9:32-35

WARNING in ./src/pages/LoginCitizenPage.jsx 8:19-30
export 'useNavigate' (imported as 'useNavigate') was not found in 'react-router-dom' (possible exports: BrowserRouter, Form, HashRouter, Link, NavLink, RouterProvider, ScrollRestoration, UNSAFE_FetchersContext, UNSAFE_ViewTransitionContext, UNSAFE_useScrollRestoration, createBrowserRouter, createHashRouter, createSearchParams, unstable_HistoryRouter, unstable_usePrompt, useBeforeUnload, useFetcher, useFetchers, useFormAction, useLinkClickHandler, useSearchParams, useSubmit, useViewTransitionState)
 @ ./src/App.jsx 7:0-56 31:35-51
 @ ./src/index.js 3:0-24 9:32-35

WARNING in ./src/pages/SignupAuthorityPage.jsx 8:19-30
export 'useNavigate' (imported as 'useNavigate') was not found in 'react-router-dom' (possible exports: BrowserRouter, Form, HashRouter, Link, NavLink, RouterProvider, ScrollRestoration, UNSAFE_FetchersContext, UNSAFE_ViewTransitionContext, UNSAFE_useScrollRestoration, createBrowserRouter, createHashRouter, createSearchParams, unstable_HistoryRouter, unstable_usePrompt, useBeforeUnload, useFetcher, useFetchers, useFormAction, useLinkClickHandler, useSearchParams, useSubmit, useViewTransitionState)
 @ ./src/App.jsx 8:0-62 34:35-54
 @ ./src/index.js 3:0-24 9:32-35

WARNING in ./src/pages/SignupCitizenPage.jsx 8:19-30
export 'useNavigate' (imported as 'useNavigate') was not found in 'react-router-dom' (possible exports: BrowserRouter, Form, HashRouter, Link, NavLink, RouterProvider, ScrollRestoration, UNSAFE_FetchersContext, UNSAFE_ViewTransitionContext, UNSAFE_useScrollRestoration, createBrowserRouter, createHashRouter, createSearchParams, unstable_HistoryRouter, unstable_usePrompt, useBeforeUnload, useFetcher, useFetchers, useFormAction, useLinkClickHandler, useSearchParams, useSubmit, useViewTransitionState)
 @ ./src/App.jsx 6:0-58 28:35-52
 @ ./src/index.js 3:0-24 9:32-35

webpack 5.99.9 compiled with 16 warnings in 539 ms
assets by status 1.98 KiB [cached] 1 asset
assets by path *.js 2.63 MiB
  asset bundle.js 2.32 MiB [emitted] (name: main)
  asset main.0ef3f130677ae62c07df.hot-update.js 309 KiB [emitted] [immutable] [hmr] (name: main)
asset main.0ef3f130677ae62c07df.hot-update.json 215 bytes [emitted] [immutable] [hmr]
Entrypoint main 2.63 MiB = bundle.js 2.32 MiB main.0ef3f130677ae62c07df.hot-update.js 309 KiB
cached modules 1.75 MiB [cached] 144 modules
runtime modules 27.5 KiB 13 modules
javascript modules 268 KiB
  modules by path ./src/ 23.7 KiB
    modules by path ./src/pages/*.jsx 19 KiB 7 modules
    modules by path ./src/components/*.jsx 1.8 KiB
      ./src/components/ProtectedRoute.jsx 1.19 KiB [code generated]
      ./src/components/Navbar.jsx 622 bytes [code generated]
    ./src/index.js 406 bytes [code generated]
    ./src/App.jsx 2.53 KiB [code generated]
  built modules 244 KiB [built]
    ../node_modules/react-router-dom/dist/index.js 40.3 KiB [built] [code generated]
    ../node_modules/react-router/dist/index.js 52.1 KiB [built] [code generated]
    ../node_modules/@remix-run/router/dist/router.js 152 KiB [built] [code generated]
webpack 5.99.9 compiled successfully in 223 ms
assets by status 1.98 KiB [cached] 1 asset
assets by path *.js 2.33 MiB
  asset bundle.js 2.32 MiB [emitted] (name: main)
  asset main.83765e92c239d726a3a7.hot-update.js 7.65 KiB [emitted] [immutable] [hmr] (name: main)
asset main.83765e92c239d726a3a7.hot-update.json 28 bytes [emitted] [immutable] [hmr]
Entrypoint main 2.33 MiB = bundle.js 2.32 MiB main.83765e92c239d726a3a7.hot-update.js 7.65 KiB
cached modules 2.01 MiB [cached] 157 modules
runtime modules 27.5 KiB 13 modules
./src/App.jsx 2.53 KiB [built] [code generated]
webpack 5.99.9 compiled successfully in 65 ms
assets by status 1.98 KiB [cached] 1 asset
assets by path *.js 2.33 MiB
  asset bundle.js 2.32 MiB [emitted] (name: main)
  asset main.1d8a502eeb547fb667d5.hot-update.js 7.3 KiB [emitted] [immutable] [hmr] (name: main)
asset main.1d8a502eeb547fb667d5.hot-update.json 28 bytes [emitted] [immutable] [hmr]
Entrypoint main 2.33 MiB = bundle.js 2.32 MiB main.1d8a502eeb547fb667d5.hot-update.js 7.3 KiB
cached modules 2.01 MiB [cached] 157 modules
runtime modules 27.5 KiB 13 modules
./src/App.jsx 2.53 KiB [built] [code generated]
webpack 5.99.9 compiled successfully in 60 ms
assets by status 1.98 KiB [cached] 1 asset
assets by path *.js 1.7 MiB
  asset bundle.js 1.69 MiB [emitted] (name: main)
  asset main.1a925963a86b90ca5388.hot-update.js 9.04 KiB [emitted] [immutable] [hmr] (name: main)
asset main.1a925963a86b90ca5388.hot-update.json 6.84 KiB [emitted] [immutable] [hmr]
Entrypoint main 1.7 MiB = bundle.js 1.69 MiB main.1a925963a86b90ca5388.hot-update.js 9.04 KiB
cached modules 1.55 MiB [cached] 28 modules
runtime modules 27.5 KiB 13 modules
javascript modules 445 bytes
  ./src/index.js 406 bytes [code generated]
  ./src/App.jsx 39 bytes [built] [code generated] [1 error]

ERROR in ./src/App.jsx
Module build failed (from ./node_modules/babel-loader/lib/index.js):
SyntaxError: /home/kavia/workspace/code-generation/cityresolve-smart-complaint-management-platform-943-d65af04c/cityresolve_smart_complaint_management_platform/src/App.jsx: Unterminated regular expression. (3:1)

  1 | //import { BrowserRouter, Routes, Route } from 'react-router-dom';
  2 | //import { useLocation } from 'react-router-dom';
> 3 | /import { Routes, Route, useLocation } from 'react-router-dom';
    |  ^
  4 | import HomePage from './pages/HomePage';
  5 | import SignupCitizenPage from './pages/SignupCitizenPage';
  6 | import LoginCitizenPage from './pages/LoginCitizenPage';
    at constructor (/home/kavia/workspace/code-generation/cityresolve-smart-complaint-management-platform-943-d65af04c/cityresolve_smart_complaint_management_platform/node_modules/@babel/parser/lib/index.js:363:19)
    at JSXParserMixin.raise (/home/kavia/workspace/code-generation/cityresolve-smart-complaint-management-platform-943-d65af04c/cityresolve_smart_complaint_management_platform/node_modules/@babel/parser/lib/index.js:6609:19)
    at JSXParserMixin.readRegexp (/home/kavia/workspace/code-generation/cityresolve-smart-complaint-management-platform-943-d65af04c/cityresolve_smart_complaint_management_platform/node_modules/@babel/parser/lib/index.js:6338:20)
    at JSXParserMixin.parseExprAtom (/home/kavia/workspace/code-generation/cityresolve-smart-complaint-management-platform-943-d65af04c/cityresolve_smart_complaint_management_platform/node_modules/@babel/parser/lib/index.js:11244:16)
    at JSXParserMixin.parseExprAtom (/home/kavia/workspace/code-generation/cityresolve-smart-complaint-management-platform-943-d65af04c/cityresolve_smart_complaint_management_platform/node_modules/@babel/parser/lib/index.js:4776:20)
    at JSXParserMixin.parseExprSubscripts (/home/kavia/workspace/code-generation/cityresolve-smart-complaint-management-platform-943-d65af04c/cityresolve_smart_complaint_management_platform/node_modules/@babel/parser/lib/index.js:11012:23)
    at JSXParserMixin.parseUpdate (/home/kavia/workspace/code-generation/cityresolve-smart-complaint-management-platform-943-d65af04c/cityresolve_smart_complaint_management_platform/node_modules/@babel/parser/lib/index.js:10997:21)
    at JSXParserMixin.parseMaybeUnary (/home/kavia/workspace/code-generation/cityresolve-smart-complaint-management-platform-943-d65af04c/cityresolve_smart_complaint_management_platform/node_modules/@babel/parser/lib/index.js:10977:23)
    at JSXParserMixin.parseMaybeUnaryOrPrivate (/home/kavia/workspace/code-generation/cityresolve-smart-complaint-management-platform-943-d65af04c/cityresolve_smart_complaint_management_platform/node_modules/@babel/parser/lib/index.js:10830:61)
    at JSXParserMixin.parseExprOps (/home/kavia/workspace/code-generation/cityresolve-smart-complaint-management-platform-943-d65af04c/cityresolve_smart_complaint_management_platform/node_modules/@babel/parser/lib/index.js:10835:23)
    at JSXParserMixin.parseMaybeConditional (/home/kavia/workspace/code-generation/cityresolve-smart-complaint-management-platform-943-d65af04c/cityresolve_smart_complaint_management_platform/node_modules/@babel/parser/lib/index.js:10812:23)
    at JSXParserMixin.parseMaybeAssign (/home/kavia/workspace/code-generation/cityresolve-smart-complaint-management-platform-943-d65af04c/cityresolve_smart_complaint_management_platform/node_modules/@babel/parser/lib/index.js:10765:21)
    at JSXParserMixin.parseExpressionBase (/home/kavia/workspace/code-generation/cityresolve-smart-complaint-management-platform-943-d65af04c/cityresolve_smart_complaint_management_platform/node_modules/@babel/parser/lib/index.js:10718:23)
    at /home/kavia/workspace/code-generation/cityresolve-smart-complaint-management-platform-943-d65af04c/cityresolve_smart_complaint_management_platform/node_modules/@babel/parser/lib/index.js:10714:39
    at JSXParserMixin.allowInAnd (/home/kavia/workspace/code-generation/cityresolve-smart-complaint-management-platform-943-d65af04c/cityresolve_smart_complaint_management_platform/node_modules/@babel/parser/lib/index.js:12356:16)
    at JSXParserMixin.parseExpression (/home/kavia/workspace/code-generation/cityresolve-smart-complaint-management-platform-943-d65af04c/cityresolve_smart_complaint_management_platform/node_modules/@babel/parser/lib/index.js:10714:17)
    at JSXParserMixin.parseStatementContent (/home/kavia/workspace/code-generation/cityresolve-smart-complaint-management-platform-943-d65af04c/cityresolve_smart_complaint_management_platform/node_modules/@babel/parser/lib/index.js:12814:23)
    at JSXParserMixin.parseStatementLike (/home/kavia/workspace/code-generation/cityresolve-smart-complaint-management-platform-943-d65af04c/cityresolve_smart_complaint_management_platform/node_modules/@babel/parser/lib/index.js:12685:17)
    at JSXParserMixin.parseModuleItem (/home/kavia/workspace/code-generation/cityresolve-smart-complaint-management-platform-943-d65af04c/cityresolve_smart_complaint_management_platform/node_modules/@babel/parser/lib/index.js:12662:17)
    at JSXParserMixin.parseBlockOrModuleBlockBody (/home/kavia/workspace/code-generation/cityresolve-smart-complaint-management-platform-943-d65af04c/cityresolve_smart_complaint_management_platform/node_modules/@babel/parser/lib/index.js:13235:36)
    at JSXParserMixin.parseBlockBody (/home/kavia/workspace/code-generation/cityresolve-smart-complaint-management-platform-943-d65af04c/cityresolve_smart_complaint_management_platform/node_modules/@babel/parser/lib/index.js:13228:10)
    at JSXParserMixin.parseProgram (/home/kavia/workspace/code-generation/cityresolve-smart-complaint-management-platform-943-d65af04c/cityresolve_smart_complaint_management_platform/node_modules/@babel/parser/lib/index.js:12541:10)
    at JSXParserMixin.parseTopLevel (/home/kavia/workspace/code-generation/cityresolve-smart-complaint-management-platform-943-d65af04c/cityresolve_smart_complaint_management_platform/node_modules/@babel/parser/lib/index.js:12531:25)
    at JSXParserMixin.parse (/home/kavia/workspace/code-generation/cityresolve-smart-complaint-management-platform-943-d65af04c/cityresolve_smart_complaint_management_platform/node_modules/@babel/parser/lib/index.js:14410:10)
    at parse (/home/kavia/workspace/code-generation/cityresolve-smart-complaint-management-platform-943-d65af04c/cityresolve_smart_complaint_management_platform/node_modules/@babel/parser/lib/index.js:14444:38)
    at parser (/home/kavia/workspace/code-generation/cityresolve-smart-complaint-management-platform-943-d65af04c/cityresolve_smart_complaint_management_platform/node_modules/@babel/core/lib/parser/index.js:41:34)
    at parser.next (<anonymous>)
    at normalizeFile (/home/kavia/workspace/code-generation/cityresolve-smart-complaint-management-platform-943-d65af04c/cityresolve_smart_complaint_management_platform/node_modules/@babel/core/lib/transformation/normalize-file.js:64:37)
    at normalizeFile.next (<anonymous>)
    at run (/home/kavia/workspace/code-generation/cityresolve-smart-complaint-management-platform-943-d65af04c/cityresolve_smart_complaint_management_platform/node_modules/@babel/core/lib/transformation/index.js:22:50)
    at run.next (<anonymous>)
    at transform (/home/kavia/workspace/code-generation/cityresolve-smart-complaint-management-platform-943-d65af04c/cityresolve_smart_complaint_management_platform/node_modules/@babel/core/lib/transform.js:22:33)
    at transform.next (<anonymous>)
    at step (/home/kavia/workspace/code-generation/cityresolve-smart-complaint-management-platform-943-d65af04c/cityresolve_smart_complaint_management_platform/node_modules/gensync/index.js:261:32)
    at /home/kavia/workspace/code-generation/cityresolve-smart-complaint-management-platform-943-d65af04c/cityresolve_smart_complaint_management_platform/node_modules/gensync/index.js:273:13
    at async.call.result.err.err (/home/kavia/workspace/code-generation/cityresolve-smart-complaint-management-platform-943-d65af04c/cityresolve_smart_complaint_management_platform/node_modules/gensync/index.js:223:11)
 @ ./src/index.js 3:0-24 9:32-35

webpack 5.99.9 compiled with 1 error in 28 ms
assets by status 1.98 KiB [cached] 1 asset
assets by path *.js 2.97 MiB
  asset bundle.js 2.32 MiB [emitted] (name: main)
  asset main.5ad33ee1ee5073fa393c.hot-update.js 656 KiB [emitted] [immutable] [hmr] (name: main)
asset main.5ad33ee1ee5073fa393c.hot-update.json 28 bytes [emitted] [immutable] [hmr]
Entrypoint main 2.97 MiB = bundle.js 2.32 MiB main.5ad33ee1ee5073fa393c.hot-update.js 656 KiB
cached modules 2.01 MiB [cached] 156 modules
runtime modules 27.5 KiB 13 modules
javascript modules 2.92 KiB
  ./src/index.js 406 bytes [code generated]
  ./src/App.jsx 2.53 KiB [built] [code generated]
webpack 5.99.9 compiled successfully in 59 ms
assets by status 1.98 KiB [cached] 1 asset
assets by path *.js 2.33 MiB
  asset bundle.js 2.32 MiB [emitted] (name: main)
  asset main.104c5f47966ef4e97b0b.hot-update.js 7.7 KiB [emitted] [immutable] [hmr] (name: main)
asset main.104c5f47966ef4e97b0b.hot-update.json 28 bytes [emitted] [immutable] [hmr]
Entrypoint main 2.33 MiB = bundle.js 2.32 MiB main.104c5f47966ef4e97b0b.hot-update.js 7.7 KiB
cached modules 2.01 MiB [cached] 157 modules
runtime modules 27.5 KiB 13 modules
./src/App.jsx 2.58 KiB [built] [code generated]
webpack 5.99.9 compiled successfully in 52 ms
assets by status 1.98 KiB [cached] 1 asset
assets by path *.js 2.33 MiB
  asset bundle.js 2.32 MiB [emitted] (name: main)
  asset main.2bfbaf804676c9031198.hot-update.js 7.7 KiB [emitted] [immutable] [hmr] (name: main)
asset main.2bfbaf804676c9031198.hot-update.json 28 bytes [emitted] [immutable] [hmr]
Entrypoint main 2.33 MiB = bundle.js 2.32 MiB main.2bfbaf804676c9031198.hot-update.js 7.7 KiB
cached modules 2.01 MiB [cached] 157 modules
runtime modules 27.5 KiB 13 modules
./src/App.jsx 2.62 KiB [built] [code generated]
webpack 5.99.9 compiled successfully in 50 ms
assets by status 1.98 KiB [cached] 1 asset
assets by path *.js 2.34 MiB
  asset bundle.js 2.32 MiB [emitted] (name: main)
  asset main.fd0d513a90f93e8b4f83.hot-update.js 17.4 KiB [emitted] [immutable] [hmr] (name: main)
asset main.fd0d513a90f93e8b4f83.hot-update.json 28 bytes [emitted] [immutable] [hmr]
Entrypoint main 2.34 MiB = bundle.js 2.32 MiB main.fd0d513a90f93e8b4f83.hot-update.js 17.4 KiB
cached modules 2 MiB [cached] 157 modules
runtime modules 27.5 KiB 13 modules
./src/pages/IssueFormPage.jsx 12.3 KiB [built] [code generated]
webpack 5.99.9 compiled successfully in 131 ms
